headline,original_category,category
Drug Arrests and Gun Seizures Fell as Homeland Security Pursued Immigration,Politics,Politics
Trump Administration Is Taking Billions in Stakes in Firms Like Intel,Politics,Politics
"Despite an Election Loss, Deja Foxx, Continues to Press for Social Change",Politics,Politics
Boeing Tackles Quality With a ‘War on Defects’,Politics,Politics
How Rubio Tried to Bring a Pro-Russia Peace Plan to Middle Ground,Politics,Politics
Trump Orders Construction of A.I. Platform to Use Troves of Government Data for Research,Politics,CS_Insight
What to Know About Trump’s Peace Plan for Russia and Ukraine,Politics,Politics
Trump Moves Toward Labeling Parts of Muslim Brotherhood as Terrorists,Politics,Politics
Schumer Faces Pushback From ‘Fight Club’ Group of Senate Democrats,Politics,Politics
Trump Is Considering a Push to Extend Obamacare Subsidies,Politics,Politics
Former Senator Doug Jones Enters Alabama Governor’s Race,Politics,Politics
Some Park Rangers Are Still Owed Pay After the Shutdown,Politics,Politics
U.S. Again Asks New York Court to Release Epstein Grand Jury Materials,Politics,Politics
Consumer Bureau’s Bank Examiners Criticize New ‘Humility Pledge’,Politics,Politics
The Forgotten Nuclear Weapon Tests That Trump May Seek to Revive,Politics,Politics
Mark Kelly Under Pentagon Investigation for ‘Illegal Orders’ Video,Politics,Politics
Xi Presses Trump on Taiwan as They Agree to Meet in China in April,Politics,Politics
An Auto Holy Grail: Motors That Don’t Rely on Chinese Rare Earths,Politics,Politics
Will Dressing Up Fix Flying?,Politics,Politics
Why a Man With U.S. Ties Fought for Russia in Ukraine,Politics,Politics
MTG Snuffs Out 2028 Rumor With Rant About ‘Political Industrial Complex’,Politics,Politics
"James Comey, Letitia James Indictments Dismissed After Multiple Scandals",Politics,Politics
Pentagon Investigating Mark Kelly After He Called On Troops To Refuse Illegal Orders,Politics,Politics
Usha Vance Finally Responds To Wedding Ring Uproar,Politics,Politics
Erika Kirk Reveals A Specific Hope She Prayed For When Charlie Kirk Was Killed,Politics,Politics
Alexandria Ocasio-Cortez Gives A State Of Trump Address That’s Chilling,Politics,Politics
MS NOW Host Warns Against Calling Donald Trump These 2 Words,Politics,Politics
Jair Bolsonaro Says 'Hallucinations' Led Him To Violate Ankle Monitoring,Politics,Politics
"Ex-White House Lawyer Calls Trump ‘Evil,’ Issues Major Warning",Politics,Politics
Trump White House Hit With Highly Embarrassing Community Note: ‘However…’,Politics,Politics
Wall Street Journal Raises A Blistering Question About RFK Jr.,Politics,Politics
Trump Reportedly Pressuring Studio To Make A Sequel To Iconic Buddy Film,Politics,Politics
While You Were Sleeping: Here Are The 239 Words Trump Posted After Midnight,Politics,Politics
GOP Senator Refuses To Face Reality About RFK Jr. After Being ‘Lied’ To,Politics,Politics
Trump Disbands DOGE Despite Eight Months Left On Its Charter,Politics,Politics
Trump Makes Surprising U-Turn On Plans To Deploy National Guard To New York City,Politics,Politics
'Parks And Rec' Creator Reveals The Politician Who Inspired Sex-Crazed Character,Politics,Politics
Trump Grumbles Over 'Inherited' Russia-Ukraine War In Heated Post,Politics,Politics
Jasmine Crockett Says Marjorie Taylor Greene Fanned 'The Flames Of Hate' And Now Can't Take It,Politics,Politics
Zohran Mamdani Stands By Calling Trump A Fascist After Rosy White House Meeting,Politics,Politics
"JFK's Granddaughter Reveals Terminal Cancer Diagnosis, Criticizes Cousin RFK Jr.",Politics,Politics
CNN Host Grills MAGA Guest Over Trump Threats: 'It Is A Yes Or No Question!',Politics,Politics
Elizabeth Warren Calls Out CBS Owner On His Own Network: 'One Man Named David Ellison',Politics,Politics
"Bill Maher Calls Karoline Leavitt A 'Bitch' As He Rips Her 'Quiet, Piggy' Defense",Politics,Politics
"Trump Reacts To Marjorie Taylor Greene’s Resignation, Doubling Down On Insults",Politics,Politics
Trump Pledge To End Protections For Minnesota Somalis Sparks Fear And Legal Questions,Politics,Politics
'She's Full Of S**t!': Kathy Hochul Trashes Elise Stefanik For Leaning Into Mamdani Attacks,Politics,Politics
'Mind-Boggling': Ex-White House Aide Exposes GOP's 'Absolutely Insane' Trump Hypocrisy,Politics,Politics
CNN's Harry Enten Discloses What's Driving Trump's New Polling Lows: 'Just Atrocious',Politics,Politics
Brian Kilmeade Trolls JD Vance After Trump's Bromance With Mamdani,Politics,Politics
Marjorie Taylor Greene To Resign From Congress,Politics,Politics
Supreme Court Blocks Order That Found Texas Congressional Map Is Likely Racially Biased,Politics,Politics
Trump Says It's Totally Fine For Mamdani To Call Him A Fascist: 'That's OK',Politics,Politics
BBC Board Member Resigns Amid Fallout From Broadcaster Editing Trump Speech,Politics,Politics
The Whiplash Is Real For Democrats,Politics,Politics
"Trump Praises Zohran Mamdani:  'You're Gonna Have, Hopefully, A Really Great Mayor'",Politics,Politics
Threats Pour In To Indiana GOP Lawmakers After They Dropped Redistricting Bid,Politics,Politics
MAGA Pundit Trounced On CNN For Distorting Trump Threats: 'You Cannot Sit Here And Lie',Politics,Politics
"CDC’s Autism Website ‘Update’ Came Directly From Kennedy, He Says",Politics,Politics
Even Podcast Bros Are Wondering If Something Is Wrong With Trump’s ‘Brain’,Politics,Politics
"China and Japan, With Trump in the Middle, Stoke an Existential Showdown",Economy,Economy
"What Is Agentic A.I., and Would You Trust It to Book a Flight?",Economy,Economy
A Frugal Guide to St. Martin/St. Maarten,Economy,Economy
Tariffs and Strike Drive ‘Once-in-a-Lifetime’ Boost for Canadian Wine,Economy,Economy
A.I. Can Do More of Your Shopping This Holiday Season,Economy,Economy
Faux Jewels and Slimming Belts: Why Shopping on TikTok Is a Lot Like QVC,Economy,Economy
Budget Will Be a Big Test for the UK’s Most Unpopular Chancellor in Decades,Economy,Economy
Ozempic Drug Fails to Quell Alzheimer’s in Novo Nordisk Trials,Economy,Economy
Russia’s Invasion of Ukraine Prompts Debate Over Europe’s Military,Economy,Economy
Why Crypto’s Slide Is Rattling Wall Street,Economy,CS_Insight
Trump Welcomes A.P.’s Photographers. Its Reporters? Not So Much.,Economy,Economy
Why Europe and the United States Are Still Haggling on Trade,Economy,Economy
Trade Chaos Leads Small Businesses to Rethink U.S. Relationships,Economy,Economy
How One German Toymaker Made Money Despite Trump’s Tariffs,Economy,Economy
U.S. Introduces New Female Crash-Test Dummy Standards,Economy,Economy
"How Parents Talk to Kids About Money, Privilege and Inequality",Economy,Economy
Hedge Fund Titan Has a Turnaround Plan (for the Carolina Panthers),Economy,Economy
A Swath of Bank Customer Data Was Hacked. The F.B.I. Is Investigating.,Economy,CS_Insight
"‘Wicked: For Good’ Takes Flight at Box Office, Expected to Make Over $150 Million",Economy,Economy
"A.I. Toy Bear Speaks of Sex, Knives and Pills, Consumer Group Warns",Economy,Economy
The Rise of the ‘Just in Case’ M.R.I.,Economy,Economy
"Daily Mail Owner Agrees to Buy The Telegraph, Consolidating Right-Leaning Media in Britain",Economy,Economy
The A.I. Boom Is Driving the Economy. What Happens if It Falters?,Economy,Economy
"Miss Piggy, Fraggles and an Auction at the Twilight of a Hollywood Era",Economy,Economy
Retiring Before (or After) Your Partner? How to Navigate Money Issues,Economy,Economy
What to Know About the Nearly 10% Climb in a Key Medicare Expense for 2026,Economy,Economy
Tyson Foods to Shut Major Beef Facility in Nebraska,Economy,Economy
"Shoppers, Tell Us About Customs Duties on Items Bought From Overseas",Economy,Economy
What the Jobs Report Tells Us About the Economy,Economy,Economy
"Burt Meyer, 99, Dies; Made Lite-Brite and Rock ’Em Sock ’Em Robots",Economy,Economy
Tell Us How You Watch TV and Movies,Economy,Economy
Judge Places Hold on IRS Data Sharing With ICE,Economy,CS_Insight
"Eli Lilly, Drug Maker of Zepbound and Mounjaro, Reaches $1 Trillion in Value",Economy,Economy
Sean Duffy Asks Travelers to ‘Bring Civility Back’ to Airports in New PSA,Economy,Economy
"Thousands of French Retailers Sue Shein, Accusing It of Unfair Competition",Economy,Economy
Top Fed Official Boosts Odds of a December Rate Cut,Economy,Economy
Buying a House Is Expensive. But There Are Some Ways to Rein In Costs.,Economy,Economy
"The Fed, Crypto and A.I. Weigh on the Markets",Economy,CS_Insight
Roblox Rolls Out Face Scans for Age Verification: What to Know,Economy,Economy
Why ‘Surveillance Pricing’ Strikes a Nerve,Economy,Economy
A Tap-to-Pay Society Is Leaving These New Yorkers Behind,Economy,Economy
Uneasiness Over A.I. Spending Looms Over Markets,Economy,Economy
"Netflix, Comcast and Paramount Submit Warner Bros. Discovery Bids",Economy,Economy
"Ward Landrigan, Jeweler to the Stars, Dies at 84",Economy,Economy
"Trump Calling Reporter ‘Piggy’ Was ‘Frankness,’ White House Says",Economy,Economy
"'We earn £60,000 and want stamp duty scrapped'",Economy,Economy
Reeves urges Labour MPs to unite behind the Budget,Economy,Economy
Heathrow's plan for longer third runway chosen by government,Economy,Economy
Has Britain's budget watchdog become too all-powerful?,Economy,Economy
The entrepreneur connecting tourists to African hospitality,Economy,Economy
What is an Isa and how might the rules change?,Economy,Economy
How to make sure you're getting a good deal on Black Friday,Economy,Economy
Everything you need to know about the Budget,Economy,Economy
Scammers hacked her phone and stole thousands - so how did they get her details?,Economy,Economy
How X's new location feature exposed big US politics accounts,Economy,Economy
US presses Europe on rules for big tech companies,Economy,CS_Insight
What can nervous businesses expect from the Budget?,Economy,Economy
'I won't be able to finish my degree if international fees go up',Economy,Economy
Metals recycling company files for liquidation,Economy,Economy
Covid inquiry hears impact on firms and staff,Economy,Economy
"UK most expensive place to develop nuclear power, report says",Economy,Economy
Rail fares to be frozen in England next year,Economy,Economy
Minister denies Budget leaks have damaged economy,Economy,Economy
EV grant scheme boost worth £1.3bn expected in Budget,Economy,CS_Insight
G20 summit boycotted by US closes in South Africa,Economy,Economy
Daily Mail publisher agrees to buy Daily Telegraph for £500m,Economy,Economy
Fraud victims 'are being failed' by justice system,Economy,Economy
Households face unexpected rise in energy prices in new year,Economy,Economy
What taxes apply to electric vehicles and how could the Budget change that?,Economy,Economy
Government borrowing for October higher than expected,Economy,Economy
Machu Picchu hit by a row over tourist buses,Economy,Economy
The 'toughest crop': Can tech help cardamom farmers?,Economy,CS_Insight
From florist to drone maker: How the weapon became so mainstream,Economy,Economy
Will AI mean better adverts or 'creepy slop'?,Economy,CS_Insight
The Kenyan start-up aiming to electrify African transport,Economy,Economy
Fire-blocking chemicals promise safer buildings,Economy,Economy
Will quantum be bigger than AI?,Economy,CS_Insight
The start-up creating science kits for young Africans,Economy,Economy
'This is the big one' - tech firms bet on electrifying rail,Economy,CS_Insight
Businesses are running out of pennies in the US,Economy,Economy
The US bet big with Argentina bailout - is it paying off?,Economy,Economy
Should K-beauty products have to come from South Korea?,Economy,Economy
Family giving Christmas dinners to the community,Economy,Economy
"All we need is a fair chance, say business owners",Economy,Economy
"It will be toughest winter yet, says food charity",Economy,Economy
The curious case of why Poundland is struggling during a cost-of-living crisis,Economy,Economy
The £5.30 orange juice that tells the story of why supermarket prices are sky high,Economy,Economy
How Milei's 'Thatcherite' economics divided his nation - but won over Trump,Economy,Economy
Trump's state visit is mired with potential pitfalls despite careful planning,Economy,Economy
How much is the national debt and should you care?,Economy,Economy
"Gyms, pubs and parkour - businesses share hopes",Economy,Economy
"Money a constant worry, say U25s ahead of Budget",Economy,Economy
What is in the iconic red box?,Economy,Economy
BlackRock's iShares bitcoin fund sees record exodus as crypto heads for worst month since 2022,Economy,CS_Insight
Michael Burry launches newsletter to lay out his AI bubble views after deregistering hedge fund,Economy,CS_Insight
One Fed official may have saved market from another rout. Why John Williams' remarks matter so much,Economy,Economy
"Bitcoin continues slide that's roiling markets, threatens to break below $80,000",Economy,Economy
"Robinhood shares drop 12% this week amid losses in bitcoin, AI stocks",Economy,CS_Insight
Japanese concerts in China are getting abruptly canceled as tensions simmer,Economy,Economy
Bitcoin falls to lowest level since April,Economy,Economy
"Fed likely to not cut rates in December following delayed September data, according to market odds",Economy,CS_Insight
"‘Robotaxi has reached a tipping point’: Baidu, Nvidia leaders see momentum as competition rises",Economy,CS_Insight
Fed minutes show divide over October rate cut and cast doubt about December,Economy,Economy
Kraken confidentially files for IPO following $800 million raise,Economy,Economy
Muddy Waters Capital's Carson Block makes rare long call in Canadian miner Snowline Gold,Economy,Economy
Blue Owl calls off merger of its two private credit funds after announcement rattles stock,Economy,Economy
‘Palooza in Cryptoland:’ Bitwise predicts fresh ETF surge despite rough stretch for digital assets,Economy,CS_Insight
Klarna tops third-quarter revenue estimates in first earnings report since IPO,Economy,Economy
Buffett's Google bet comes 2 decades after billionaire investor 'inspired' search giant's IPO,Economy,CS_Insight
Fed Governor Waller backs December rate cut as support for weakening labor market,Economy,Economy
"Jeffrey Gundlach sees one of the 'least healthy' stock markets of his career, urges 20% cash",Economy,Economy
Alphabet rallies after Berkshire reveals stake. Why Buffett’s firm likely bought it,Economy,Economy
"Alibaba is helping Chinese military target the U.S., White House memo claims: FT",Economy,Economy
New York Fed met with Wall Street firms about key lending facility: FT,Economy,Economy
These underperforming groups may deliver AI-electric appeal. Here's why.,Economy,CS_Insight
Warren Buffett's Berkshire Hathaway reveals new position in Alphabet,Economy,Economy
"Hot tech stock ETFs, from AI to quantum computing, have made investors lots of money. Is it time to sell?",Economy,CS_Insight
JPMorgan Chase wins fight with fintech firms over fees to access customer data,Economy,CS_Insight
Investor Ron Baron says the tech selloff is an opportunity and he's never selling personal Tesla stake,Economy,CS_Insight
"Bitcoin falls below $95,000 amid tech sell-off, bounces off lows on Friday",Economy,CS_Insight
"CEO of Southeast Asia's largest bank says AI adoption already paying off: ‘It’s not hope, it’s now’",Economy,CS_Insight
"Markets no longer view the December rate cut as a sure bet, with Fed officials casting doubts",Economy,Economy
"TKO, Polymarket strike multiyear deal to integrate prediction markets into UFC events",Economy,Economy
The Fate of Google’s Ad Tech Monopoly Is Now in a Judge’s Hands,Technology,CS_Insight
The A.I. Boom Has Found Another Gear. Why Can’t People Shake Their Worries?,Technology,Technology
"To Meld A.I. With Supercomputers, National Labs Are Picking Up the Pace",Technology,Technology
We Asked Roblox’s C.E.O. About Child Safety. It Got Tense.,Technology,Technology
"I’m a Professor. A.I. Has Changed My Classroom, but Not for the Worse.",Technology,Technology
RealPage Agrees to Settle Federal Rent-Collusion Case,Technology,Technology
"X Displays Users’ Locations, Fueling Scrutiny Over Political Accounts",Technology,Technology
How OpenAI’s Changes Sent Some Users Spiraling,Technology,Technology
What OpenAI Did When ChatGPT Users Lost Touch With Reality,Technology,Technology
"Cryptology Group Held an Election, but Can’t Decrypt the Results",Technology,Technology
Trump Elevates Once-Fringe Meme Makers to the Mainstream,Technology,Technology
Family Affair: Commerce Secretary’s Sons Cash In on A.I. Frenzy,Technology,Technology
"Yann LeCun, a Pioneering A.I. Scientist, Leaves Meta",Technology,CS_Insight
Nvidia Earnings Show Profit Jumped 65% to $31.9 Billion,Technology,CS_Insight
Saudi Arabia Backs Elon Musk’s xAI With Data Center Deal,Technology,CS_Insight
Larry Summers Resigns From OpenAI’s Board,Technology,Technology
Netherlands Hands Back Control of Chinese-Owned Chipmaker Nexperia,Technology,Technology
How Trump and Nvidia’s C.E.O. Became Partners on the International Stage,Technology,CS_Insight
Trump Administration Gives Three Mile Island Nuclear Project $1 Billion Loan,Technology,Technology
Europe’s Chip Dreams Confront Business Realities,Technology,CS_Insight
"In the A.I. Race, Chinese Talent Still Drives American Research",Technology,Technology
Driving an E.V. Across North Dakota? Thank the Standing Rock Tribe.,Technology,Technology
How TikTok Helped Meta Land an Antitrust Victory,Technology,CS_Insight
Meta’s Victory Opens the Way for Silicon Valley to Go Deal Shopping,Technology,CS_Insight
"Meta Did Not Violate the Law When It Bought Instagram and WhatsApp, a Judge Rules",Technology,CS_Insight
"Google Unveils Gemini 3, With Improved Coding and Search Abilities",Technology,CS_Insight
Google’s Gemini 3 Is Here: A Special Early Look,Technology,CS_Insight
Self-Driving Taxis Are Catching On. Are You Ready?,Technology,Technology
Vinted blocks 'sickening' sexually explicit ads,Technology,Technology
Teens plead not guilty over TfL cyber-attack,Technology,CS_Insight
"Graduate jobs under threat from AI, PwC boss says",Technology,CS_Insight
Streaming platform Twitch added to Australia's teen social media ban,Technology,Technology
Why an AI 'godfather' is quitting Meta after 12 years,Technology,CS_Insight
"Deepfake 'nudify' site fined £55,000 over lack of age checks",Technology,Technology
Ford boss: 'Now is not the time to tax electric vehicles',Technology,Technology
Lack of online age verification sparks concern,Technology,Technology
Instagram to start closing Australian teen accounts ahead of social media ban,Technology,Technology
"Major League Baseball signs deals with Netflix, ESPN and NBCUniversal",Technology,Technology
"Judge rules Meta doesn't have monopoly after Instagram, WhatsApp acquisitions",Technology,CS_Insight
Nvidia shares rise after strong results ease 'AI bubble' concerns,Technology,CS_Insight
Roblox blocks children from chatting to adult strangers,Technology,Technology
Cloudflare apologises for outage which took down X and ChatGPT,Technology,Technology
Baby Shark: How a 90-second clip created a $400m business,Technology,Technology
Man who cryogenically froze late wife sparks debate by dating new partner,Technology,Technology
Google boss says trillion-dollar AI investment boom has 'elements of irrationality',Technology,CS_Insight
Tech giant seeking $1.7bn from Mike Lynch's estate after yacht death,Technology,CS_Insight
"Don't blindly trust what AI tells you, says Google's Sundar Pichai",Technology,CS_Insight
The Egyptian green tech firm looking to cut energy bills,Technology,CS_Insight
British hacker must repay £4m after hijacking celebrity Twitter accounts,Technology,Technology
How my on-air 'brain fog' moment sparked a big debate,Technology,Technology
Formula 1 tech used to rev-up train wi-fi speeds in new pilot,Technology,CS_Insight
Tech Life,Technology,CS_Insight
Tech Now,Technology,CS_Insight
The high tech studio transforming movie car stunts,Technology,CS_Insight
The contradiction at the heart of the trillion-dollar AI race,Technology,CS_Insight
On the front line of Europe's standoff with Russia's sanction-busting shadow fleet,Technology,Technology
Can technology fix fashion's sizing crisis?,Technology,CS_Insight
"Call of Duty is back, and it's got a battle on its hands",Technology,Technology
The South African start-up bringing tech to townships,Technology,CS_Insight
"The Best Mushroom Coffee, WIRED Tested and Reviewed (2025)",Technology,Technology
Can Tech Get Rid of Bad Trips?,Technology,CS_Insight
Wish List 2025: A WIRED Gift Guide,Technology,Technology
"11 Best Down Comforters (2025), Tested in Our Homes in Every Season",Technology,Technology
Sam Bankman-Fried Goes on the Offensive,Technology,Technology
20% Off LG Promo Code & Coupons | November 2025,Technology,Technology
Factor Promo Code: Up to $130 Off Meal Prep,Technology,Technology
Trump Is Boosting MAGA X Accounts Operating Overseas,Technology,Technology
Our Favorite Unbound Merino Wool T-Shirts Are on Sale for Black Friday,Technology,Technology
The Oura Ring 4 Is $100 Off Ahead of Black Friday,Technology,Technology
Analogue3D Review: A Retro Gamer’s Dream,Technology,Technology
Herman Miller Is Having a Surprise Flash Sale on Office Chairs,Technology,Technology
"7 Best OLED TVs (2025): Sony, LG, Samsung, and More",Technology,Technology
What Kilian Jornet Packs to Climb Every 14er in the Mountain West in 31 days,Technology,Technology
"The 10 Best Home Arcade Machines (2025), Tested and Reviewed",Technology,Technology
Amazon Is Using Specialized AI Agents for Deep Bug Hunting,Technology,CS_Insight
"Best Apple Watch (2025): Buyer’s Guide to the Series 11, SE 3, and Ultra 3",Technology,CS_Insight
The 5 Best Bread Makers for Homemade Loaves (2025),Technology,Technology
The Hard-Left Shooters Leading a Gun Culture Revolution,Technology,Technology
"21 Best Gifts for Coffee Lovers (2025): Drips, Pours, and Shots",Technology,Technology
A Research Leader Behind ChatGPT’s Mental Health Work Is Leaving OpenAI,Technology,Technology
A $100 Billion Chip Project Forced a 91-Year-Old Woman From Her Home,Technology,CS_Insight
10 Best Early Black Friday Deals at Best Buy (2025),Technology,Technology
Europe Is Bending the Knee to the US on Tech Policy,Technology,CS_Insight
"16 Best Air Purifiers (2025): Coway, AirDoctor, IQAir",Technology,Technology
The 73 Best Deals From REI’s 2025 Holiday Sale,Technology,Technology
"11 Best MagSafe Wallets (2025), Tested and Reviewed",Technology,Technology
"Panasonic Z95B OLED TV Review: Glorious Performance, One Small Catch",Technology,Technology
"9 Best Chromebooks of 2025: All the Latest Models, Tested",Technology,Technology
Game Theory Explains How Algorithms Can Drive Up Prices,Technology,Technology
How to Get the Perfect Surround Sound Speaker Setup,Technology,Technology
"9 Best Espresso Machines for Home (2025), Tested by Coffee Pros",Technology,Technology
"17 Best Sex Toys (2025), Tested and Reviewed",Technology,Technology
"13 Best MagSafe Power Banks for iPhones (2025), Tested and Reviewed",Technology,Technology
These 5 Posture Corrector Picks Will Straighten You Out (2025),Technology,Technology
"Best Indoor TV Antenna (2025): Mohu, Clearstream, One for All",Technology,Technology
40 Techy Gifts Under $100 That We Tested and Love,Technology,Technology
The Best Chef’s Knives of 2025. We Tested Nearly Two Dozen to Find Our Favorites,Technology,Technology
The Ninja Slushi Early Black Friday Deal Is the Lowest We've Seen,Technology,Technology
"The 44 Best Movies on Netflix, WIRED’s Picks (December 2025)",Technology,Technology
The Climate Impact of Owning a Dog,Technology,Technology
"The 44 Best Shows on Netflix, WIRED's Picks (December 2025)",Technology,Technology
"17 Best French Presses (2025): Plastic, Glass, Stainless Steel, Travel",Technology,Technology
US Border Patrol Is Spying on Millions of American Drivers,Technology,Technology
"Gear News of the Week: Matter 1.5 Adds Smart Home Camera Support, and Gemini Comes to Android Auto",Technology,Technology
55 Best Early Black Friday Deals on WIRED-Tested Gear (2025),Technology,Technology
Valve Says Steam Machine Isn’t a Console—but It Is,Technology,Technology
Logitech Promo Code: $25 Off This Holiday Season,Technology,Technology
Total Wireless Promo Codes & Deals: 50% Off Select Plans,Technology,Technology
OpenAI Locks Down San Francisco Offices Following Alleged Threat From Activist,Technology,Technology
Study Finds Mental Health Benefit to One-Week Social Media Break,Society,Society
These Hospitals Figured Out How to Slash C-Section Rates,Society,Society
RFK Jr. Says He Instructed CDC to Change Vaccines and Autism Language on Website,Society,Society
"Botulism Bacteria Found in Infant Formula, ByHeart Confirms",Society,Society
Early Signs Point to a Harsh Flu Season in the U.S.,Society,Society
Cassidy Got Pledges From RFK Jr. on Vaccines. They Haven’t Stuck.,Society,Society
She’s on a Mission to Make the World More Bike-Friendly,Society,Society
Mapping the Brain’s Sense of What Goes On Inside the Body,Society,Society
Namibia’s New Minister of Health and Social Services Reimagines Health Care,Society,Society
Mother Accused of Delaying Medical Care for Daughter Who Died on Road Trip,Society,Society
C.D.C. Website No Longer Rejects Possible Link Between Autism and Vaccines,Society,Society
Is Scalp Care the New Big Beauty Trend?,Society,Society
New Gene-Editing Strategy Could Help Development of Treatments for Rare Diseases,Society,Society
Clinicians Lobby for a New Way to Assess the Risk of Suicide,Society,Society
This Play Recruited Actors With Anorexia. Was That Ethical?,Society,Society
Texas Measles Strain Continues to Spread,Society,Society
Sex Had Become a Chore. Then They Started Reading Romantasy.,Society,Society
Sugar tax: What you need to know,Society,Society
Adolescence lasts into 30s - new study shows four pivotal ages for your brain,Society,Society
Obesity jab drug fails to slow Alzheimer's,Society,Society
Boy with rare condition amazes doctors after world-first gene therapy,Society,Society
Lord Cameron reveals he had prostate cancer,Society,Society
JFK's granddaughter raises awareness of rare leukaemia with poignant essay,Society,Society
What are the symptoms of prostate cancer and what should you check for?,Society,Society
New puberty blockers trial to begin after UK ban,Society,Society
Move over fillers - here's why people are having facial injections made from fish sperm,Society,Society
Biggest prostate cancer screening trial in decades begins in UK,Society,Society
Trans people could be barred from services based on appearance,Society,Society
"Ultra-processed food is global health threat, experts warn",Society,Society
'Traumatic wait' for women facing breast cancer diagnoses,Society,Society
"Doctor strike inflicting pain and misery on patients, says health secretary",Society,Society
Eleven countries added to methanol poisoning warning list,Society,Society
NHS waiting list down - how is your hospital doing?,Society,Society
AI vs superbugs: UK invests millions to tackle drug-resistant infections,Society,CS_Insight
Hospitals knew a heart device led to more patients' deaths - but they kept using it,Society,Society
"Nurses penalised for trans complaint, says lawyer",Society,Society
Pauline Quirke's family on her dementia: 'She's still funny and recognises us',Society,Society
TikTok creator 'so sorry' over cancer diagnosis lie,Society,Society
Nearly all NHS trusts failing to hit cancer target,Society,Society
Pharmacist suspended after BBC Botox sting,Society,Society
Three easy ways to help you beat the winter blues,Society,Society
Surgical menopause like a 'hormonal cliff edge',Society,Society
New flu virus mutation could see 'worst season in a decade',Society,Society
Lockdown could have been avoided - key findings from Covid inquiry,Society,Society
The private notes and secret documents that tell the inside story of the UK's Covid response,Society,Society
"UK did 'too little, too late', leading to thousands more Covid deaths - inquiry",Society,Society
"'Toxic' No 10 culture harmed Covid response, inquiry finds",Society,Society
What's in the Covid inquiry report... in 68 seconds,Society,Society
What is the UK Covid inquiry and how does it work?,Society,Society
Gove apologises after Covid report alleges 'toxic' culture,Society,Society
Delayed action before 2020 Christmas lockdown 'inexcusable',Society,Society
'Since having Covid my life has completely changed',Society,Society
Boris Johnson left Inquiry in a hurry - he'll be pleased not to come back,Society,Society
"One day of planning went into Covid school closures, inquiry hears",Society,Society
Covid inquiry hears of 'generational slaughter',Society,Society
"Hancock ignored call to test all NHS staff, Covid inquiry hears",Society,Society
Large UK-wide pandemic preparedness tests planned this year,Society,Society
Families failed by Covid jabs tell inquiry of pain,Society,Society
NHS hours from PPE running out in Covid - Hancock,Society,Society
Covid inquiry told Treasury blocked NHS bed request,Society,Society
Covid inquiry told top NHS doctor was terrified,Society,Society
How close were hospitals to collapse in Covid?,Society,Society
How do cold weather health alerts work?,Society,Society
NHS tracker - are hospital waiting times improving near you?,Society,Society
Ever feel the need to switch off? Your vagus nerve might hold the key,Society,Society
'A predator in your home': Mothers say chatbots encouraged their sons to kill themselves,Society,Society
You can now book online to see your GP. But is it any easier to get an appointment?,Society,Society
"ADHD services shutting door to new NHS patients as demand soars, BBC finds",Society,Society
DNA pioneer James Watson dies at 97,Society,Society
I wanted ChatGPT to help me. So why did it advise me how to kill myself?,Society,Society
Illegal teeth-whitening industry exposed by BBC,Society,Society
What is Mpox and why are cases rising in Europe?,Society,Society
Magnesium: Can this 'miracle mineral' really help us sleep?,Society,Society
'I have a sweating problem': What Alan Carr's Traitors admission tells us about how social taboos changed,Society,Society
'Getting financial help through my GP has improved my health',Society,Society
A facelift at 28? Why young people are turning to plastic surgery,Society,Society
Your nose gets colder when you're stressed. These thermal images show the change,Society,Society
"My eating disorder made me good at lying, says Victoria Beckham",Society,Society
My late husband's organs transformed the lives of four people,Society,Society
'I missed a £100 council tax bill while in hospital – the debt ballooned to £6k',Society,Society
EastEnders' Kellie Bright on the challenges of being parent of an autistic child,Society,Society
What is chickenpox and how can I get my child vaccinated?,Society,Society
The teenage caffeine pouch trend troubling US experts,Society,Society
"Sleep, exercise, hydrate - do we really need to stick to recommended daily doses?",Society,Society
Is the most expensive lip balm always the best?,Society,Society
Ketamine helped me escape my negative thoughts - then it nearly killed me,Society,Society
The English neighbourhood that claims to hold the secret to fixing the NHS,Society,Society
"How does the disposable vape ban work, and how harmful is vaping?",Society,Society
Labour's plan for benefits throws up a bigger dilemma,Society,Society
First place in British Isles set to approve right to die,Society,Society
Generation K: The disturbing rise of ketamine abuse among young people,Society,Society
Assisted dying bill: What is in proposed law?,Society,Society
'My first cervical screening was over before I knew it',Society,Society
Is the system letting down people who were harmed by Covid vaccines?,Society,Society
How will weight-loss drugs change our relationship with food?,Society,Society
"NHS needs better plan around weight loss jabs, warn experts",Society,Society
How many of us will end up being diagnosed with ADHD?,Society,Society
The junior doctors' strikes may be over. But is trouble ahead?,Society,Society
Why are resident doctors striking and how much are they paid?,Society,Society
Union and government to restart talks on ending doctor dispute,Society,Society
Doctors' union agrees to resume talks with Streeting,Society,Society
The doctor strike has ended - what comes next?,Society,Society
'Price of sports bras shouldn't stop us competing',Society,Society
Mother had 'agonising' health test without consent,Society,Society
"Advice for PCOS has not changed for  30 years, says patient",Society,Society
"Premature birth can be incredibly lonely, says Beatrice",Society,Society
Our third date was at a fertility clinic - finding love with endometriosis,Society,Society
'It sounds dramatic but singing class saved my life',Society,Society
Wellbeing support for terminally-ill islanders,Society,Society
"At 21, I was crushed by a stranger's joke about going bald. Then the way I looked at myself changed",Society,Society
Councils should not cut 'vital' physical activity - former Olympian,Society,Society
Community health centre to open after £2.2m revamp,Society,Society
Inside Health,Society,Society
Three-year-old Oliver is 'wonderful' after world-first gene therapy,Society,Society
Your kid having a hard time? Dr Becky has this tip,Society,Society
5 Live News Specials,Society,Society
'I didn't tell anyone about my medical cannabis prescription',Society,Society
