CourseTitle,Classification,CourseDescription,AssignmentScore,EtcScore,TeachingMethods,OtherNotes
언어분석을위한데이터베이스,전공,"(Cours e Des cription & Objectives ) ""언어 분석을 위한 데이터베이스""는 Language & AI융합학부 학생을 대상으로 개설된 과목이다. 데이터베이스란, 디지털 형태로 구성된 다형의, 대용량의 데이터를 효율적으로 저장, 관리하기 위 해 DBMS (Database Management System)라 불리는 시스템에 저장된 데이터를 뜻한다. 본 과 목에서는 클라우드, IoT, AI 등 다양한 ICT 분야에 공통적으로 요구되는 데이터베이스와 관련된 기본적인 이론을 학습하고, 실습을 통해 데이터베이스의 활용을 이해한다. 본 강의는 이론과 실습 을 병행하여 운영된다. 데이터베이스 및 DBMS에 대한 소개, 관련된 기본 이론을 학습하고, 데이 터베이스 설계와 관련된 상세 내용을 학습한다. 또한, SQL을 사용하여 데이터베이스를 생성 및 관리하는 기본적인 실습을 수행한다.",10,0,"(Teaching M ethods ) 본 과목의 주당 강의 시간은 3시간으로, 주로 이론 수업으로 운영되며, 실습이 병행된다. 이론 수업은 강의와 토론식 수업으로 진행된다.",)
텍스트기반사회과학데이터분석,전공,"(Cours e Des cription & Objectives ) [개요] 텍스트는 가장 사람 간에 주고받는 정보 데이터 중 가장 비용최소화된 수단이며, ChatGPT로 촉발된 Human-computer interaction 도구로서 학습할 가치가 있습니다. AI와 함께 텍스트를 기반으로 혹은 텍스트로 전달되는 경험해보고자 합니다. 선택과목으로서 2학년 중심이지만, 전학년 수강 가능합니다. [목표] 텍스트 관련 코드 경험을 통해 앞으로 활용할 수 있게 됩니다. 현재 텍스트 관련 기술 트렌드에 대한 감각을 익힙니다.",5,10,"(Teaching M ethods ) 텍스트 데이터를 이해하기 위한 기초 파이썬의 전반부와 텍스트 집중된 후반부로 구성됩니다. 학생 한분한분 선행학습 여부와 난이도에 따라, 수업 시간의 전반부, 후반부 집중도를 달리 하실 수 있습니다. 25. 11. 26. 오후 3:57 wis.hufs.ac.kr/src08/jsp/lecture/syllabus.jsp?mode=print&ledg_year=2025&ledg_sessn=1&org_sect=A&lssn_cd=M04108101 https://wis.hufs.ac.kr/src08/jsp/lecture/syllabus.jsp?mode=print&ledg_year=2025&ledg_sessn=1&org_sect=A&lssn_cd=M04108101 1/4 텍스트 데이터로 이해하고 전달하고 싶은 것이 무엇인지 찾아가는 과정을 경험하게 됩니다.",") 출결은 지각 몇 회 정도로 감점이 발생하진 않습니다. 하지만, 수업 초반에 중요한 정보들이 많을 수 있습니다."
인공지능수학,기초,"(Cours e Des cription & Objectives ) 기계학습, 딥러닝 등 인공지능 분야에서 사용하는 미적분, 선형대수에 대한 기초적인 이해를 목표 로 함",30,0,(Teaching M ethods ) 이러닝강의로 진행되며 수업을 듣고 매 수업시간마다 연습문제를 풀어 과제로 제출함,)
영화로공부하는사회와정부,교양,"(Cours e Des cription & Objectives ) * 교과목 개요 Jean Luc Godard(영화감독, 시나리오 작가)가 '20세기는 영화 없이 사유될 수 없는 시대' 라고 표현한 것처럼, 때때로 영화의 영상과 내용이 우리의 사고와 생활에 영향력을 발휘하고 있다. 이 와 같이 문화, 인간, 사회, 역사와 밀접한 관련을 맺고 있는 매체인 영화를 통해서 1945년 8월 해 방 전후부터 2013년 2월 이명박 정부 까지의 모습을 사회 과학적 시각으로 조망한다. * 학습목표 시기적으로 1945년 8월 해방 전후부터 2013년 2월 이명박 정부 까지의 영상과 이야기를 통해 사회 와 정부를 둘러싼 다양한 견해와 논쟁에 대해 개인별 의견을 정리할 수 있도록 노력한다.",10,0,"(Teaching M ethods ) * 수업은 제가 준비한 자료와 영상을 보면서 설명드리는 방식으로 진행됩니다. 저희 수업이 점심 식사 이후 졸음이 마구 밀려오는 오후 1시~3시 까지라 수업에만 집중하시는게 불가능하리라 판 단되지만, 때로는 심각하지만, 그렇다고 마냥 재미있지 않은 영화를 보신다는 기분으로 수업에 임 하시면 되지 않을까 합니다.",") - 감점: 결석 1회는 -2점, 지각 및 조퇴 1회는 -1점. - 4회 이상 결석 시 F학점 부여. - 중간고사 및 기말고사에 정당한 사유없이 응시하지 않을 경우 F학점 부여."
육아와아동심리,교양,"(Cours e Des cription & Objectives ) 본 강좌에서는 육아와 아동심리에 관심있는 대학생들을 위해 아동발달과 심리에 대한 전반적인 내용을 다루어 각 발달단계마다 나타나는 아동의 심리적인 특성을 이해하고, 긍정정서와 자아존중감이 높은 아 동으로 양육하는 데 도움이 되는 다양한 아동심리치료 기법으로 챕터로 구성하였다. 따라서 수업목표는 다음과 같다. 1. 각 발달단계마다 나타나는 아동의 심리적 특성을 이해하고, 설명할 수 있다. 2. 각 발달단계와 아동의 심리에 맞는 육아방법을 습득할 수 있다. 3. 아동기에 나타나는 행동장애, 심리적 장애에 대해 설명할 수 있다. 4. 아동의 마음을 공감하고 심리정서발달을 촉진할 수 있는 다양한 방법을 습득할 수 있다. 5. 긍정정서와 자아존중감이 높은 아동으로 양육하는 데 도움이 되는 심리치료 기법을 습득하여 육아에 적용할 수 있다.",0,0,"(Teaching M ethods ) ppt강의, 실기, 토론",") ▶ 출석기준 -지각 2회는 결석 1시간(1점 감점)으로 간주한다. -4번 이상 결석한 학생의 출석점수는 0점이며, 미취득(F)으로 처리한다. -결석 1시수당 1점 감점은 2시수 수업 모두 동일하게 적용한다. (예: 하루 결석 시 2점 감점) -단, 학사내규에 의거 출석인정을 받은 학생은 예외로 한다."
21세기미디어외교의이해,교양,"(Cours e Des cription & Objectives ) 민주주의의 확산과 정보통신 기술의 발전 등으로 더이상 외교는 국가의 전담부처나 주요 고위공 직자들만의 사안이 아니게 되었습니다. 의사결정 과정에 대한 높은 수준의 투명성이 요구됨에 따 라 각국의 외교 정책 수립과 실행에 국내외 국민들의 여론이 큰 영향을 미치고 있습니다. 또한, 때 로는 이들이 직접 외교적 활동을 수행하고는 합니다. 특히 한류의 확산은 정부가 아닌 개인이나 기업 등의 민간 영역이 자국에 대한 우호적인 여론 확보나 국가 이미지 제고 등의 외교적 성과에 얼마나 큰 영향을 미치는지 직접적으로 보여주는 사례였습니다. 그리고 이 모든 활동이 이루어짐 에 있어서 미디어는 다양한 공공외교 주체와 공중을 잇는 역할을 수행합니다. 즉, 미디어를 통해 이루어지는 공공외교 활동과 그 성과 등에 대한 논의가 미디어 공공외교의 논의 영역이라고 할 수 있습니다. 본 강의는 아직은 명확한 이론적·실무적 체계가 구축되지 않은 미디어 공공외교라는 개념에 대해 서 살펴보고, 한국의 상황에 맞는 효과적인 전략 수립에 대해 고민해보고자 합니다.",15,5,"(Teaching M ethods ) 교수자의 강의를 중심으로 진행되며, 필요시 간단한 토론 및 발표 등이 포함될 예정.",") - 강의계획서는 학기 전까지 수정될 수 있으며, 변경된 사항에 대해서는 1"
NGO와현대사회,교양,(Cours e Des cription & Objectives ) 1. NGO와 현대사회에 대하여 이해하고 학습한다. 2. NGO와 현대사회에 관한 이론을 공부한다. 3. 현재의 NGO와 현대사회에 대해서 논의한다.,10,10,"(Teaching M ethods ) 강의, 발표, 토론",)
국제관계법,교양,"(Cours e Des cription & Objectives ) 세계화 시대에 국가간의 관계를 규율하고 국제사회의 질서를 수립하는 국제법의 중요성은 굳이 설명을 필요로 하지 않으며, 세계시민으로서 갖추어야 할 기본적 지식임을 부정할 수 없습니다. 본 강의는 국제법의 형성, 기본 개념 및 제원리?원칙 등 국제법의 주요 개념과 지식을 습득하여 국 제법에 대한 이해의 폭을 넓히고, 국제법적 시각으로 사회현상을 바라보는 능력을 향상시키는 것 을 목표로 합니다. 이를 위해 국제법의 개념, 연원, 국제법의 주체 및 국가관할권 등 국제법 기본 이론에 해당하는 부 분과 국제해양법, 국제인권법, 국제환경법, 국제인도법, 국제경제법 등 여러 국제법 분야를 관련 사례를 중심으로 설명합니다.",10,0,"(Teaching M ethods ) - 기본 이론 강의, 질의 응답, 토론 - 수강 인원 수 및 구성에 따라 강의 운영 방식이 다소 수정될 수 있음 - 강의 내용은 처음 법학을 접하는 학생들도 어렵지 않게 따라올 수 있도록, 전공 법학이 아닌 ‘교 양’ 법학 수준으로 평이하게 진행할 예정임",)
실용금융,교양,"(Cours e Des cription & Objectives ) 본 강좌의 목적은 대학생에게 필요한 기본적이고 실용적인 금융교육 기회를 제공하기 위함이다. 이를 위해 금융의 기본 개념과 의의를 소개하고, 다양한 금융상품의 거래구조와 특징, 신용과 부 채관리, 개인 재무설계, 금융소비자보호 등 실생활에 필요한 금융의 주요 주제들을 두루 살펴본 다.",10,0,(Teaching M ethods ) 강의를 기본으로 하면서 문답 등 학생참여를 포함함,) - 강의계획서 세부내용은 변경될 수 있음 - 상경계열 학생은 수강하지 않을 것을 권장함
극지거버넌스의이해,교양,"(Cours e Des cription & Objectives ) 극지라는 지구의 가장 마지막 남은 공간은 과학기술의 발전과 지구온난화로 접근이 쉬워지고 있 으며, 많은 천연자원의 개발과 항공/해양/육상의 운송로의 활용가능성이 확장되고 있다. 이러한 매력으로 국가들의 갈등과 분쟁이 크게 늘고 있다. 원주민을 포함하여 400만 인류가 생활하고 있 는 '북극', 그리고 과학 및 외교활동의 주요 무대인 '남극'에서는, 국가, 원주민, 개인, 기업 등 이 해당사자 사이에 공동 사안을 관리하는 많은 방식의 집합체가 존재한다. 이들은 이해관계자들의 상호 갈등을 조정하고 협력을 추구하여 문제들을 해결하는 과정에서 다양한 거버넌스 체계를 이 루게 된다. 국제사회의 거버넌스 체계는 여러 다양한 이해관계자들의 조화와 조율을 목적으로 한 다. 이강의는 극지라는 공간적 무대를 바탕으로 수강생에게 남극과 북극의 논제에 관한 국제/국 내 거버넌스 체계를 이해시키고, 현재의 남북극 개별 이슈들이 어떻게 거버넌스 체계에서 다루어 지는지 학습을 유도하여, 궁극적으로 남북극 정책 및 거버넌스 전문가의 배출은 물론 남북극 관련 국제기구 등으로 진출하는 데 도움을 주고자 한다.",20,0,(Teaching M ethods ) 전반부 - 정혁 교수 1 교시- 강의자의 강의 2 교시-학생 발표 및 토론 중간고사-온라인 5지선다형 시험 후반부-김민수 교수 1교시-강의자 강의 2교시-강의 및 학생 발표 및 토론,) 두번 지각 및 조퇴는 1번 결석으로 간주함 결석 4번은 F 학점 처리 약 처방전은 유고 결석으로 불인정
극지와사람,교양,"(Cours e Des cription & Objectives ) 본 교과목은 한국외대 본교 인문사회분야 학생들에게 극지의 정의부터 사람들이 살고 있는 북극 에 대한 최신 이슈 최신현황 파악, 그리고 이러한 이슈에 대응하기 위해 각국이 수립한 북극정책 내용을 이해하고, 나아가 교수 전문분야인 '극지정책'의 수립 지원과 북극전문가로서의 활동 실무 경험을 공유하여, 극지와 정책에 대한 이해의 폭을 넓히도록 함을 목적으로 함. 또한, 북극의 주요 이슈별 세부 지식을 습득하고, 나아가 북극정책 전문가 진출을 위한 기초소양 을 함양하도록 함. 졸업 후에는 극지관련 분야로 진출할 수 있도록 사전지식을 제공함. 그리고 과제활동을 통해 북극의 주요 이슈들을 보다 상세히 파악하고, 개별 국가의 정책을 이해하 고 분석하는 능력을 배양함으로서, 향후 정부 정책 수립이나 관련 전문가로 활동하기 위한 기초실 무 경험을 쌓도록 함. 학습내용으로 ‘북극’과 ‘정책’에 대한 개념 이해부터 북극의 주요 이슈를 포괄적으로 파악한 후, 그 에 기반하여 우리나라를 비롯하여 북극권, 비북극권 주요국의 북극정책 배경과 역사, 현황 즉 인 문,사회, 정책적 관점에서 북극을 이해하는 것을 본 교과목의 주요 목표로 함. 특히 북극의 이슈를 반영하는 각국의 북극정책에 대한 비교연구와 비판적 사고의식을 함양하여 향후 북극정책 수립 및 수행의 기초를 쌓는데 기여하고자 함. 그리고, 수강생들에게 북극 관련 최 신 현황정보를 제공하여 북극 관련 산업이나 기업 진출에 이바지하고, 북극정책 수립 현장 경험을 공유하여 정부부처의 활동과 이를 지원하는 출연기관 활동 이해를 도모하고자 함. 이와 함께 인류 가 살지 않는 남극에서의 활동과 국제협약(남극조약 등)에 대해서도 이해를 제고시키고자 함.",0,0,"(Teaching M ethods ) 수업은 매주 PPT를 활용한 현장 강의로 진행(수업 직전 주에 e-class에 수업자료 게시 예정), 15 주 중 1-2주는 온라인(실시간 웨벡스 또는 녹화동영상 활용) 수업 병행 - 중간고사는 논술형 필기고사 실시하여 100점 만점 기준으로 평가(단답 및 논술형 평가) - 기말고사는 필기고사 없이 조별 PPT 제작 발표(외국인 학생 및 재수강생) 또는 과제물(리포트) 제출(상대평가 대상 수강생)로 100점 만점 기준 평가 - 중간고사(8주)는 1주~7주차 강의내용을 기반으로 4~5문제에 대한 단답형 및 논술형 필기시험 실시(100점 만점). - 기말고사는 구체적으로 아래와 같이 실시할 예정 첫째, 절대평가 대상 수강생(외국인 학생, 재수강생)의 경우 조별 PPT 작성/제출과 해당 PPT 발 표를 통해 기말고사 실기(조별로 점수 부여) 팀별 4인~5인씩 조를 이뤄 강좌에서 다루지 않은 유럽권 또는 아시아권 국가 중 한 나라를 지정 하고, 그 나라에 대한 북극정책 연혁과 현황, 특징 등을 20분간 PPT발표 및 질의응답으로 평가 수강생들에게 팀프로젝트를 경험 및 실습하도록 하며, 특정 국가의 북극활동 및 정책에 대한 이해 와 차이점 학습 유도, 둘째, 상대평가 대상 수강생(일반 수강생)은 발표평가가 아닌 기말보고서로 제출로 학기말고사 100점 기준 평가(리포트 주제는 중간고사 직후 제시하여 7주 이상 연구하고 리포트 작성할 수 있 도록 유도) 이같은 평가방식을 기분으로 절대평가 및 상대평가 수강생 모두 기말 고사를 100점 만점으로 평 가 * 다만 수강생 등록인원이 적을 경우(예시: 20인 이하의 경우) 전체학생 대상으로 발표 및 보고서 제출을 실시할 수 있음.",") 수업 강의는 15주 강의(시험포함) 기준 3월 7일(금)에 시작하고, 8"
광고와PR의이해,전공,"(Cours e Des cription & Objectives ) 디지털 미디어 시대가 되면서 광고와 PR의 경계가 모호해지고, 광고와 PR 간의 융합현상이 두드 러지게 일어나고 있습니다. 본 강의에서는 기본적인 광고와 PR에 대한 마케팅 원리를 짚어보고, 시대의 변화에 따라 광고와 PR의 개념 및 경계 변화가 어떻게 이루어지고 있는지 더불어 학습하고자 합니다. 따라서 기본적 이론체계는 물론이고 새로운 환경에서 광고PR산업의 변화, 트렌드, 주요 사례 등 을 살펴보고 효과적인 광고PR의 전략을 모색해보는 것을 기본 목표로 두고 있습니다.",0,0,"(Teaching M ethods ) -교양과목으로 전공자가 아닌 학생들도 쉽게 학습할 수 있도록 강의를 진행할 계획입니다. -교수의 강의가 주가 되는 방식이고, 더불어 학생 참여 과제(발표)를 일부 병행하며 스스로 학문 을 연구하는 방법을 익히고, 25. 11. 26. 오후 3:59 wis.hufs.ac.kr/src08/jsp/lecture/syllabus.jsp?mode=print&ledg_year=2025&ledg_sessn=1&org_sect=A&lssn_cd=U76269301 https://wis.hufs.ac.kr/src08/jsp/lecture/syllabus.jsp?mode=print&ledg_year=2025&ledg_sessn=1&org_sect=A&lssn_cd=U76269301 1/4 대중들 앞에서 설득하는 프리젠테이션 능력도 주요하게 살펴보도록 합니다. : 발표과제는 필요한 부분에 한해 조별 또는 개인으로 발표 주제를 부여합니다. (신청자+가산점 획득의 기회) -출석은 성실하고 약속을 준수하는 중요한 평가기준이므로 출석과 결석, 지각 여부, 출석 이후 무 단이탈 등을 꼼꼼하게 확인하고 학점에 반영 합니다. -수업시간의 자발적인 참여도를 높이기 위해 부여된 배점이 있으며, 발표와 관련한 가산점수도 있으니 활발하고 적극적으로 수업에 참여해 주기 바랍니다.",) -수업내용은 스케쥴에 따라 다소 변동이 있을 수 있습니다. -출석엄수. -병결사유서를 출석으로 인정하지 않으니 참고바랍니다. (생리공결제 포함)
국가정보의이해,교양,"(Cours e Des cription & Objectives ) o 핵과 생화학무기 등 절대무기(absolute weapons)가 존재하는 국제환경하에서 - 미중간의 패권경쟁과 한반도를 둘러싼 미일중러의 대립 - 국력을 극대화하는 무한경쟁과 ""총성 없는 세계 전쟁터"" - 현재 북한은 핵무기개발과 간첩남파, 사이버테러등으로 끊임없이 우리의 안전보장을 위협 o 국가정보(national intelligence)는 국가생존을 위한 눈과 귀의 역할을 수행하는 '무형의 무기' - 적대국가는 물론 동맹국가들의 최고위 정책, 의도 그리고 능력에 관한 첩보를 수집 - 비밀공작과 방첩은 물론, 테러,사이버,국제범죄등 국내 보안정보에 대처 - 국가안보와 국익수호를 위한 안보위협을 색출, 차단하는 국가의 방향타 o 본과목은 - 국가정보(national intelligence)의 개념과 이론, 정보수집과 비밀공작 , 방첩활동 및 국가정보기 구를 연구 - 국가정보의 기능과 역할을 이해, 나아가 사회 전반의 정보 흐름을 파악 - 국가정보의 이해와 사회에서의 정보 능력을 배양하는데 강의의 중점을 둔다 o 국가안전보장을 위한 국가정보기관의 활동, 특히 방첩과 대공수사 분야의 활동들은 - 그 대상이 북한의 간첩, 공작원 뿐만 아니라, 중국의 대한국 침투 비밀공작 - 우리사회의 친북 좌파 세력의 활동, 우방의 활동도 포함되기 때문에 - 이념 중립적인 강의에 한계가 있으며, 친북좌파 성향의 학생에게는 수강과 연구에 인내가 필요 함",0,0,(Teaching M ethods ) o 매주 학교 홈페이지 E-Class에 게재된 On-Line강의를 사전 예습(필수) o 정규강의(금 13:00-14:50)시간에는 - PPT project와 U-Tube 동영상을 활용하여 중요 분야를 보충 설명하고 - 질의와 보충설명 요구에 대한 응답식 토의 진행,") 강의 평가, 문의사항 및 건의사항은 스마트폰 문자(010-8897-4640), 이메일 keesoohan@hanmail.net로 전송 요망"
형법의이해,교양,"(Cours e Des cription & Objectives ) 법에 대한 기초적인 이해를 증진시키고 특히 범죄와 형벌에 관련된 학문인 형법의 기초적인 이론을 개괄적으로 소개하면서 그 이론이 실제 범죄에 어떻게 적용되는지 사례(판례)를 중심으로 설명함. 법치국가의 기본 원리인 죄형법정주의부터 범죄의 성립요건인 구성요건, 위법성, 책임에 대한 기본적 개념을 살인, 상해,강도, 절도, 사기 등 개별 범죄를 어떻게 처리하는지를 통해 설명하고자 함. 형법 조문과 판례를 살펴보면서 사회에서 일어나는 범죄에 대하여 좀 더 전문적인 시각으로 바라보고 평가할 수 있는 능력을 키우는 것을 목표로 함. 이를 통해 무엇보다 법을 처음 배우는 학생들에게 법의 역할이 무엇인지, 그리고 legal mind가 어떻게 형성될 수 있는지 스스로 느낄 수 있는 기회가 되도록 목표함.",5,0,"(Teaching M ethods ) 1. 기본 개념에 대한 설명을 중심으로 하며, 관련 판례 해설과 사례 풀이를 통해 이해를 높임. 2. 사례 문제 등 사안에 따라서는 질의 응답을 통해 이해를 높임.",N/A
행정입법과작용,교양,"(Cours e Des cription & Objectives ) 행정입법과 작용은 행정기관이 하는 일(입법과 작용)과 행정기관에 대하여 국민이 갖는 권리에 대한 강의입니다. 이 강의는 특히 행정법 총론 부분에 대한 강의입니다. 행정은 매우 딱딱하고 우리의 생활과 거리가 먼 얘기인 것 같지만, 사실 행정은 우리 주변에서 일 어나고 있습니다. 운전을 하고, 총을 소지하기 위해서는 관련 면허를 발급받아야 하고, 식당이나 피씨방 영업을 하고자 할 때, 집을 건축하고자 할 때, 토지거래 제한구역에 있는 토지를 거래할 경 우 등 관련 행정기관에 신고 내지 허가를 받아야 합니다. 또 세금이 과도하게 부과되는 경우, 내가 거주하는 곳에 원자력 발전소 혹은 폐기물 처리시설, 혹은 도로가 설치되는 경우 행정기관의 행정 행위에 대하여 권리침해를 주장하고 보상을 요구하는 것 등 우리는 살아가면서 행정과 관련된 권 리의무관계(행정상 법률관계)를 자연스럽게 맺게 됩니다. 본 강의는 행정법에 대한 배경지식이 전혀 없는 사람도 수강할 수 있도록 행정조직과 국민의 권리 에 관한 기본적인 개념을 알기 쉽게 강의하며, 실제적인 사례(case)를 통하여 행정법에 대한 이 해를 돕는데 목표가 있습니다. 본 강의를 통하여 일상 생활에서 일어날 수 있는 행정법에 관한 지 식의 부족으로 인한 불이익을 예방하며, 공무원 시험/ 로스쿨 준비/ 기업 입사/ 각종 자격증 취득 등의 진로에 도움을 주고자 합니다.",0,0,"(Teaching M ethods ) 강의와 학생들의 질문과 토론을 병행하지만, 법학의 특성상 강의가 주된 수업 운영방식입니다.",)
지속가능발전교육I: 이론과쟁점,교양,"(Cours e Des cription & Objectives ) <교과목 개요> 이 수업은 전국 최초로 지자체(도봉구), 국제기구(유네스코한국위원회), 고등교육기관(한국외국어 대학교)이 보유한 전문성과 현장성을 바탕으로 공동 운영하는 '지속가능발전교육(ESD) 공동인증 학점제'입니다. 1학기 'ESD I(이론과 쟁점, 이론수업)'과 2학기 'ESD II(현장실습)'으로 구성되어 있으며, 두 과정을 모두 수료하면 3개 기관장이 공동으로 발급하는 수료증(certificate)을 받을 수 있습니다. 또한, 이 수업은 지역사회와 연계된 'ESD 열린 캠퍼스'로 운영되며, 시민도 수업에 참여 할 수 있는 기회를 제공합니다. <학습 목표> 1. 3개 기관의 전문성과 현장성을 바탕으로 사회적, 환경적, 경제적 지속가능성의 개념과 트렌드, 국내외 사례를 이해할 수 있습니다. 2. 워크숍과 현장 탐방을 통해 현장에서 이루어지는 지속가능성 실천을 이해하고 직접 실천할 수 있습니다. 3. 환경, 사회, 경제적 지속가능성을 반영한 ESD 프로젝트 계획서를 작성할 수 있습니다.",10,10,"(Teaching 1. 강의(40%): 외부 전문가 초빙 특강 포함 2. 개인발표 및 토론(20%) 25. 11. 26. 오후 4:01 wis.hufs.ac.kr/src08/jsp/lecture/syllabus.jsp?mode=print&ledg_year=2025&ledg_sessn=1&org_sect=A&lssn_cd=Y21196101 https://wis.hufs.ac.kr/src08/jsp/lecture/syllabus.jsp?mode=print&ledg_year=2025&ledg_sessn=1&org_sect=A&lssn_cd=Y21196101 1/5 M ethods ) 3. 토론 및 협동 수업(30%): ESD 열린 캠퍼스 운영(시민이 참여하여 세대 간 '지속가능성'에 대한 다양한 의견을 나눌 수 있음) 4. 현장학습(10%): 지자체, 유네스코, 기업 등 탐방 5. 수업 아카이빙을 위해 패들렛 사용 ※ 강의 계획서에 제시된 내용과 일정은 강의진행 과정과 현장의 상황에 따라 변경될 수 있음",) 적극적이고 활발한 수업 태도 요구됨
기계학습의이해,전공,"(Cours e Des cription & Objectives ) 기계학습의 기본 개념부터 최신 딥러닝 기법까지, 이론과 실습을 통해 체계적으로 학습합니다. Python과 주요 머신러닝 라이브러리를 활용한 실무 중심의 교육을 제공합니다.",20,0,(Teaching M ethods ) 매 주차 강의는 이론 및 실습 수업으로 구성되며 과제 혹은 프로젝트가 포함될 수 있음,)
언어처리를위한알고리즘,전공,"(Cours e Des cription & Objectives ) 본 수업은 실제 어플리케이션 구현에서 주로 사용되는 핵심 자료구조와 알고리즘을 학습하는 것 을 목표로 합니다. 스택, 큐, 트리, 그래프와 같은 기본 자료구조부터 정렬, 탐색 알고리즘을 거쳐, 그리디, 분할 정복, 동적 프로그래밍과 같은 고급 설계 기법까지 다루며, 이를 통해 알고리즘의 효 율성을 분석하고 구현하는 능력을 길러 궁극적으로 계산적 사고 능력을 함양하는 것을 목표로 합 니다.",30,0,"(Teaching M ethods ) 본 수업은 알고리즘 이론 학습과 구현 실습(Python)을 병행하며, 주요 토픽을 마친 후에는 관련 구현 과제가 부여됩니다.",)
사회과학과데이터사이언스,전공,"(Cours e Des cription & Objectives ) 본 과목은 사회과학, 통계학, 데이터과학 등이 통합된 융합 학문으로서의 Social 데이터사이언스 분야의 학문적 실용적 의미에 대해서 학습한다. Social 데이터에 대한 기본적인 지식과 더불어 사 회과학 데이터 분석가로서 필수적인 역량 등에 대해서 소개하고, 데이터사이언스 접근법이 현실 사회에 대한 이해와 글로벌 지역에 대한 이해, 및 현실 사회에서 제기되는 문제 해결에 대해서 어 떻게 기여할 수 있는지에 대한 기본적인 이해를 목표로 한다.",20,10,"(Teaching M ethods ) - 강의, 실습 및 토론 - 프로그램 실행 환경을 구축해 놓고 지속적으로 사용할 수 있도록 개인 노트북을 사용할 것을 권 장함. - STATA 프로그램 개별구매 필요(강의 첫 시간에 논의 예정) 25. 11. 26. 오후 3:57 wis.hufs.ac.kr/src08/jsp/lecture/syllabus.jsp?mode=print&ledg_year=2025&ledg_sessn=3&org_sect=A&lssn_cd=M04101101 https://wis.hufs.ac.kr/src08/jsp/lecture/syllabus.jsp?mode=print&ledg_year=2025&ledg_sessn=3&org_sect=A&lssn_cd=M04101101 1/4 - 출결 관리 지각 2회는 결석 1회에 해당. 수업 시작 15분 이후 출석자는 결석으로 간주. 결석 3번 초과는 F.",)
멀티모달생산성AI활용,전공,"(Cours e Des cription & Objectives ) ‘멀티모달생산성AI활용’ 과목은 다양한 형태의 데이터를 효과적으로 다루고 분석할 수 있는 생산 성 AI 및 멀티모달 데이터 분석 기술을 심도 있게 학습하는 것을 목표로 합니다. 융복합적인 특성을 가진 의료데이터의 Normalization 및 시간 데이터 가공, 이미지 및 의료영상 데이터의 기하학적 변형, Radiomics 등을 기반으로 실제 멀티모달의 현장에 적용 가능하도록 학 습합니다. VLM(Visual Language Model) 및 생산성 도구의 활용을 출발점으로, 파이썬과 판다스 등 데이 터 분석의 기초를 다진 후 정형 데이터, 비정형(텍스트, 이미지, 의료영상 등) 데이터에 대한 탐 색, 처리, 정제 기술을 익힙니다. 머신러닝 이론, 각종 모델(회귀, 분류, 비지도학습 등), 모델 성능 평가, 데이터 전처리 및 AutoML까지 폭넓게 다루며, pycaret 등 자동화 도구로 생산성을 확보합니다.",0,10,"(Teaching M ethods ) 정형 데이터(임상 데이터 Normalization, 시간 데이터 처리), 텍스트 데이터(전처리, 분석 기초), 이미지 데이터 처리(기하학적 변형), 의료영상 데이터(Radiomics, 분석 방법론) 등 각 데이터 유 형별 분석 파이프라인은 강의, 실습을 통해 단계적으로 습득한다. 의료영상의 여러 모달리티(CT, MRI 등)와 실제상황과 유사한 데이터를 분석하며 학습을 실천한다. 모든 과정은 실전 문제해결력 과 자기주도 학습 역량에 기반한 수업으로 진행된다. 25. 11. 26. 오후 3:57 wis.hufs.ac.kr/src08/jsp/lecture/syllabus.jsp?mode=print&ledg_year=2025&ledg_sessn=3&org_sect=A&lssn_cd=M04110101 https://wis.hufs.ac.kr/src08/jsp/lecture/syllabus.jsp?mode=print&ledg_year=2025&ledg_sessn=3&org_sect=A&lssn_cd=M04110101 1/4",)
산업데이터시각화,전공,(Cours e Des cription & Objectives ) - 파이썬을 중심으로 Numpy와 Pandas 라이브러리를 활용한 데이터 전처리 과정을 익힌다. - Matplotlib 라이브러리 등을 활용하여 다양한 데이터를 적합하게 시각화하는 방법을 학습한다.,0,30,(Teaching M ethods ) Learning by doing,)
기술개발연구의이해,전공,(Cours e Des cription & Objectives ) - 기술경영과 하이테크 산업에 대해 이해한다. - 소비자 선호 및 시장 분석에 기반한 기술 개발과 이를 위해 필요한 방법론들을 학습한다. - 신기술의 상업화 과정에서 고려해야 하는 요인들을 학습한다.,10,20,(Teaching M ethods ) (Pre-class) 교재 요약 1page (In-class) 이론 학습 / 사례 조사 발표 및 토의,)
사회이해기반제품과글로벌비즈,전공,"(Cours e Des cription & Objectives ) This course isn’t about memorizing how global business works; it’s about experiencing how it gets built. In today’s fast-moving world, success comes from trying, learning, iterating, and improving. You can't get it just by having the right answers on paper. Through hands-on, team-based projects, students will work on real or simulated startup challenges drawn from today's business environment. Each team will experiment with ideas, create prototypes, test content, gather feedback, and build simple go-to-market strategies. Along the way, they’ll study global business cases?not just to analyze, but to extract insights they can apply directly to their work. This course puts students in the driver’s seat: thinking critically, making decisions, and solving real problems, while using AI tools, lean startup methods, and modern research approaches. By the end of the course, students will have built not only a project; but also the mindset and skills to adapt and thrive in the real world of global business.",25,25,"(Teaching M ethods ) This course is conducted through a combination of short lectures (40~50 minutes) and hands-on project-based teamwork. Students will actively engage in research, experimentation, and creative problem-solving using real or simulated business cases. Each week includes interactive activities such as role-play, group workshops, guest lectures, and content creation. Tools like Notion, Canva, and AI platforms will be used to support implementation. The class is designed to feel like a startup lab: students are expected to build, test, and iterate their own business ideas while receiving instructor and peer feedback.",") Communication, feedback, and participation are essential to this course. Please be aware of the same"
AI윤리와철학,기초,"(Cours e Des cription & Objectives ) 이 수업은 일상생활에 점점 더 깊이 스며들고 있는 인공지능(AI) 기술의 철학적·윤리적 의미를 탐 구하는 데 초점을 맞춥니다. AI가 우리 사회와 개인의 삶에 미치는 영향을 이해하고, 이를 비판적 으로 분석하는 능력을 기르는 것을 목표로 합니다. 수업은 크게 두 부분으로 구성됩니다. 전반부에서는 AI와 마음의 철학에 관련된 핵심 주제들을 다 룹니다. 계산 가능성, 지능, 이해, 의식 경험 등의 개념을 중심으로, AI가 인간과 어느 정도까지 유 사하거나 유사하지 않은지, 그리고 그 의미는 무엇인지를 심도 있게 논의할 것입니다. 이를 통해 AI의 본질적 한계와 가능성을 탐색합니다. 후반부(중간시험 이후)에서는 AI 기술이 야기하는 새로운 윤리적 딜레마에 집중합니다. 먼저 기 초적인 메타윤리학 이론을 소개한 후, 다음과 같은 질문들을 통해 보다 구체적인 논의를 전개할 것입니다: 설명 가능한 AI(XAI)는 왜 필요한가? AI는 인간 생존에 위협이 되는가? AI가 인간 노동을 어떻게 변화시킬 것인가? 알고리즘 편향성을 어떻게 극복할 것인가? 이 수업을 통해 학생들은 AI의 철학적 기반을 이해하고, AI 기술의 윤리적·사회적 파급력에 대해 깊이 고민하는 기회를 갖게 될 것입니다. AI 기술의 급속한 발전 속에서 우리 사회가 나아가야 할 방향을 함께 모색하는 시간이 되기를 기대합니다.",0,10,(Teaching M ethods ) 강의 및 토론,") 별도의 예습은 필요하지 않으며, 강의를 충실히 듣고 수업 중 토론에 성실히 참여할 것이 요구됩 니다."
인공지능개론,전공,"(Cours e Des cription & Objectives ) 본 강의는 Language & AI 1학년 학생들을 대상으로 하는 강의입니다. 본 강의에서는 인공지능 분야의 기초적인 용어 및 개념을 학습하고, 다양한 분야에서 활용되는 인공지능의 활용에 대한 이 해를 갖추는 것을 목표로 합니다. 또한 이후 전공 수업에서 인공지능을 구현하기 위한 AI 기술에 대한 기초 이론 등을 학습합니다.",40,0,(Teaching M ethods ) 이론 강의와 과제,)
현대사회의윤리문제,교양,"(Cours e Des cription & Objectives ) -현대사회의 긴밀하고 복잡한 인간과 인간, 인간과 사회, 인간과 자연의 윤리적 관계에 대해 보다 체계적이고 심층적인 이해를 도모하고자 하며, -나아가 인생의 과정에서 필요한 바람직한 가치와 태도의 윤리적 기준을 마련해 나가고자 함",20,20,(Teaching M ethods ) ※ 시사적인 윤리적 쟁점 중심의 시청각자료를 활용한 강의 및 토론 *현장 필드워크가 필요할 시 사전 협의하여 진행함,") ※강의 내용과 방법은 오리엔테이션에의 수강생 요청이나 설문, 필요에 따라 탄력적으로 운영할 수 있으며, 특강과 워크숍, 외부실습 등을 활용할 수 있음 *특히, 학생들의 설문과 요구에 기초하여, 학습목표와 방법 설계를 통한 커리큘럼을 전반적으로 재구성할 수 있음 *수업은 교수자의 강의, 윤리관련 문화콘텐츠(영상 등) 감상, 발표와 토론, 쪽지의견 등 구성. *1~2회 온라인 강의 실시할 수도 있으며, 이 경우 이메일 혹은 e-Class 올려놓은 참고사이트 혹 은 콘텐츠를 통해서 개별학습함, 이 때 출석 체크는 학생의 콘텐츠 윤리 비평으로 대체함 *과제물은 학습진도와 방법에 따라 팀과제와 개인별 과제 등으로 탄력적으로 운영할 수 있음 *수업태도(질의응답, 토론, 발표) 역시 평가에 들어가므로 학생들의 적극적인 수업태도를 요함"
예술과창의적사고,교양,"(Cours e Des cription & Objectives ) 스스로 질문하고 답하는 창의적 사고력을 함양하기 위해 다양한 장르의 현대 예술과 그로부터 파생되거나 연관된 응용 장면을 경험함으로써 비판적 사고, 의사 결정, 문제 해결, 비언어적 소통이 관련된 창의성의 기본 요건들을 탐색한다. 현대 예술의 기본 개념들을 이해하고 이와 관련된 분야의 최신 경향을 경험하고 분석함으로써 창의적인 문제 해결 능 력을 함양한다. 21세기 4차 산업혁명 시대를 맞이하여 더욱 중요성이 부각된 인간과 사회에 대한 이해와 연구, 사람과 사람 간의 관계성 형성을 위한 기본 소양과 타인에 대한 배려와 인간으로 서의 품위와 품격을 키우고 인격을 함양하는 교양서이다. 서구 클래식 음악을 주로 하여 음악회 에티켓부터 시작하여 감상법, 문학, 미술, 역사 등과 연관된 인문학으로서의 인간 만이 느낄 수 있는 감동과 위로, 행복이 충만한 삶을 누리고 능력을 계발하여 창조력을 육성하며 환경 의식을 고양 시키고 사회문제를 해결할 수 있는 역량을 키우고자 한다.",15,30,"(Teaching M ethods ) 강의는 아래 3가지 방식으로 진행된다. 1. 음악에 관한 기본적인 이론과 지식을 습득 2. 우리 일상에서 무심코 간과하는 문화예술에 대한 사안을 포착한 교재를 같이 읽고 개별적인 의견을 개진 4주차 이후에는 팀 프로젝트 방식으로 담당교수가 짜준 조별로 같이 듣고 토론하고 학우들 앞에서 발표 3. 음악감상 - 클래식음악 감상법 이 수업은 주입식 이론 교육이 아닌 음악감상을 위한 최소한 상식선의 지식 습득 이후 개인, 팀, 참여형 프로젝트 진행하는 레시테이션 방식의 수업입니다. 그래서 수업 태도와 발표가 학점 이수의 관건이며 수업 중 수업과 관계 없는 전자기기 사용과 개인 활동, 팀원에게 위해가 되는 이기적이고 무책임한 행동은 학칙에 의거 퇴거 조치와 함께 낙제를 부여합니다. 또한 다른 팀원들에게도 피해를 가고 연대 책임을 물을거니 유념하기 바랍니다.",N/A
앙트레프레너십의이해,교양,"(Cours e Des cription & Objectives ) 4차 산업혁명시대 ,글로벌 사회의 지성인으로서 글로벌시대의 변화를 주도하고 비전을 제시하는 미래의 리더가 되기 위한 필수역량인 혁식적 기업가 마인드를 함양하는데 목표가 있다. 미래 핵심인재로 성장하기 위해 개인적차원의 리더십 역량과 함께 우리 사회의 변화와 혁신을 주 도하기 위한 창의융합적인재가 갖추어야 할 필수역량인 앙트레프레너십(기업가정 신:entrepreneurship)과 리더십(leadership)을함양하는것을 목표로 한다. 사회적 가치 창출 및 사회적 문제에 대안을 제시하는 리더로써 기업가적 마인드 함양 목표로하여 기업가적 마인드(entrepreneurialmind)와 리더십의 함양을 통해 대학생활을 자기주도적으로 새롭 게 준비하고 , 자신의 진로와 적성에 대한 경력설계과정 및 취.창업을 준비하는 기업가적 마인드 함양에 도움을 줄 수 있는 과정이다. 개인적차원의 리더십 역량 함양 및 더 나아가서 우리 사회의 변화와 혁신을 주도하는 미래사회 비 전을 제시할 앙트레프레너십의 올바른 이해를 할 수 있도록 한다.",0,20,"(Teaching M ethods ) 강의식, 토론식,팀학습,세미나식, PBL 팀 OR 개별 보고서 발표 외부전문가 초청",) 중간 고사 와 기말고사 는 없습니다 = 레포트로 대체 합니다 성적은 보고서와 출석 체크 만 잘 되면 F/ P 로 이수 합니다
미얀마어의이해,교양,(Cours e Des cription & Objectives ) 본 강좌는 기초 미얀마어의 학습과 전반적인 미얀마 문화의 이해를 도모하는데 그 목적을 둔다.,10,10,"(Teaching M ethods ) -강의자 강의 -지정 주제에 관한 조별 토론, 리포트 작성",)
정보사회의통계활용,교양,(Cours e Des cription & Objectives ) 통계적 방법의 이론을 바탕으로 예제를 통한 실습을 위주의 강의를 진행하고 통계적 결과를 해석 하고 이해하는 것을 목표로 하고 있다. 사회에서 실제적으로 많이 사용하고 있는 엑셀과 open 소스인 R 을 이용하여 자료분석을 실시한 다. 간단한 분석정도는 할수 있는 역량을 키우고자 한다.,0,0,"(Teaching M ethods ) 강의 80%, 예제 및 연습문제 풀이 10%, 실습 10%",) 1. 학교 규정에 의한 수업에 대한 결석 회수 초과시 F학점 2. 시험은 사전 양해를 얻은 공식적인 유고결석시를 제외하고 결시자는 F학점 3. 과제물 카피하는 경우 해당자 전원 0점 처리 4. 과제물 제출기간 엄수(지각제출시 기본점수만 부여)
신화와종교,교양,"(Cours e Des cription & Objectives ) 본 교과는 신화를 통해 종교의 본질을 철학적으로 이해하는 것을 목표로 한다. 엘리아데의 종교와 신화의 이론을 근간으로 그리스신화와 동양신화의 실례를 학습한다. 주요 신들의 계통, 신격, 신 화를 알아보고 중간고사 이후부터는 서사시와 비극에 묘사된 인간의 면면을 통해 인간의 보편적 운명에 대해 사유한다. 이를 통해 일차적으로는 신화 내용에 대해 알게 될것이고 나아가서 그리스 신화를 토대로 한 근현대의 문화 콘텐츠들에 대한 기본적인 지식을 갖게 될 것이다. 또한 인간의 근본적인 종교적 심성에 대해 생각해 보는 것이 궁극적 목표로 삼는다.",35,10,(Teaching M ethods ) 강의를 위주로 진행되며 시각자료를 최대한 이용한다.,)
자연과학의이해,전공,"(Cours e Des cription & Objectives ) 교과목 개요 본 교과목 <자연과학개론>은 현대 자연과학 분야에서 하나의 이론이 성립되기까지 어떤 배경과 인물들의 업적을 발판으로 했는지, 어떤 과정을 거쳐 발전했는지에서부터 출발할 것이다. 교과목 의 초반부에서는 주로 자연과학의 흔적을 거슬러 올라가서 고대 문명 시대에서 찾아볼 수 있는 과 학의 기초 및 원리에서 시작할 것이다. 교과목의 후반부에서는 현재 자연과학의 다양한 분야, 즉 천문학, 생물학, 화학, 지구과학 등의 기본 개념들을 다룰 예정이다. 학습목표 <자연과학의 이해>는 물리, 화학, 생물, 천문 그리고 수학 등의 여러 분야에서 동시대에 활동했던 과학자들의 생애와 그들의 업적을 위주로 과학의 전분야를 쉽게 접근할 수 있도록 구성하였다. 구 체적이고 전문적인 내용은 해당 학과의 각 전공에서 다루게 될 것이므로 본 강의에서는 과학의 기 본 원리와 개념에 충실할 것이다. 따라서 본 강의에서는 과학의 출발점이라고 할 수 있는 인류의 고대문명 시대로부터 시작하여 20세기 위대한 과학자 중 한 인물인 아인슈타인의 업적 그리고 21 세기 과학의 현재에 이르기까지 인류 과학기술의 발전과 역사를 사회적 배경과 더불어 알아보는 것을 그 목표로 하고 있다. 자연과학 분야에 대한 전반적인 지식을 폭넓게 다룰 것이므로 과학 분 야에 대해 선수과정을 거치지 않은 학생들도 쉽게 이해할 수 있을 것이다.",5,5,"(Teaching M ethods ) 1. 강의계획서에 기재된 수업 방식과 강의 진도는 상황에 따라 다소 조정될 수 있다. 2. 주로 이론강의로 구성되며, 강의 주제와 관련된 시청각 자료(5분 이내 분량)을 학기 중 1~2회 활용할 예정이다. 3. 주차별 강의자료를 [이클래스-강의자료(pdf)]에서 공유할 것이다.",)
현대인의정신건강,교양,"(Cours e Des cription & Objectives ) 인간에게 있어 신체적인 건강과 더불어 심리적인/정신적인 측면의 건강 또한 중요합니다. 과거와 달리 환경은 급변하고 있으며 이에 대한 적응을 위한 스트레스는 다른 기대에 비해 더욱 높아져가 고 있다고 볼 수 있습니다. 본 수업은 청소년기를 지나 성년의 처음 시점이고 동시에 사회에 진출하기 직전의 대학생들이 건 강한 정신을 확립하는 것을 목표로 합니다. 수업 내용은 주로 스트레스의 개념과 건설적인 대처방 법, 자기에 대한 이해, 타인과의 의사소통 그리고 건강한 대인관계에 대해 다룰 것입니다. 또한 정 신건강에 대한 다양한 학자들의 관점을 소개하며 심리학에서 건강한 정신을 어떻게 바라보고 있 는지에 대해 알아볼 것입니다. 심리학의 다양한 분야의 이론과 연구들을 제시하여 이해의 폭을 증진시키고, 이론적인 이해를 바 탕으로 실질적인 개인들의 문제 해결방안에 대해 고민해볼 것입니다. 더불어, 사회 진출 후에 적 응 시기에 도움이 될 것으로 생각합니다. 사회심리학, 인지심리학, 산업및조직심리학, 임상심리학 등의 다양한 심리학의 이론들을 기반으 로 자신 및 타인 그리고 환경에 대한 이해를 높이며, 실생활에 도움을 주어 실용적인 측면에도 영 향을 주기를 바랍니다.",10,0,(Teaching M ethods ) 강의 및 질의응답,) 수업안내 및 과제 등의 자료는 e-class에서 공유하도록 하겠습니다.
생명의이해,교양,"(Cours e Des cription & Objectives ) 본 교과목 <생명의 이해>는 생명의 과학이다, 생명의 과학은 우리 생명과 지구의 중심이다. 영양 섭취 및 물질대사, 질병, 지구의 기후 변화, 줄기세포, 유전병과 가족력, 돌연변이, 식물의 생태 등 다양한 관심사가 <생명의 이해>의 주제가 된다. 따라서 ‘생명’을 구성하는 기본 단위인 세포(cell) 의 구조와 기능에 관해 배우는 것이 본 교과목의 출발점이 된다. 세포 내 유전물질의 특성과 그 기 능이 정상적으로 이루어지지 않을 경우 발생될 수 있는 여러 현상과 관련 질병들 뿐만 아니라 생 명체가 생명을 유지하는 데에 필수적인 다양한 영양소의 기능과 그로 인한 과잉 및 결핍이 초래하 는 현상들을 다루게 될 예정이다. 나아가서 지구상에 존재하는 다양한 생명체들 중 먹이사슬에서 유일한 생산자인 식물의 기능과 생존 방식, 번식 과정 등을 포함해서 그 밖의 여러 생명체들에게 서 나타나는 유전현상과 그 원리에 대해 배우게 될 것이다. 뿐만 아니라 이러한 생명의 과학이 생 활 속에서 어떻게 적용되는지에 관한 쉬운 예들을 살펴봄으로써 수강생들의 이해를 도모하고자 한다.",5,5,"(Teaching M ethods ) 1. 강의계획서에 기재된 수업 방식과 강의 진도는 상황에 따라 다소 조정될 수 있다. 2. 주로 이론강의로 구성되며, 강의 주제와 관련된 시청각 자료(5분 이내 분량)을 학기 중 1~2회 활용할 예정이다. 3. 주차별 강의자료를 [이클래스-강의자료(pdf)]에서 공유할 것이다.",) 강의계획서에 기재된 수업 방식과 진도는 상황에 따라 조정될 수 있다.
통계학개론,교양,"(Cours e Des cription & Objectives ) 통계학은 연구목적에 필요한 자료 및 정보를 가장 적합한 방법으로 수집하고, 수집된 자료로부터 필요한 정보를 얻는 학문이다. 최근 빅 데이터 시대에 들어서면서 대용량의 자료 및 정보를 분석하고 이를 지식화하고 의사결정 에 반영하고자 하는 사회적인 관심과 요구가 나날이 증대되고 있다. 이에 따라 통계학의 중요성이 매우 커지고 있다. 통계학에 관한 기초적인 이론과 활용 방법을 살 펴봄으로써 통계학의 입문에 해당하는 사고의 틀을 형성하는 것을 목표로 한다.",0,0,"(Teaching M ethods ) 강의 90%, 예제 및 연습문제 풀이 10%",) 1. 학교 규정에 의한 수업에 대한 결석 회수 초과시 F학점 2. 시험은 사전 양해를 얻은 공식적인 유고결석시를 제외하고 결시자는 F 학점 3. 과제물 카피하는 경우 해당자 전원 0점 처리 4. 과제물 제출기간 엄수(지각제출시 기본점수만 부여
중앙아시아문화의이해,교양,"(Cours e Des cription & Objectives ) 인류의 문명은 서로 다른 문화가 전파, 확산되고 상호교류하면서 발전했다. 과거 동-서를 잇는 ‘실크로드의 심장’이었던 중앙아시아 지역은 서로 다른 종교, 인종, 기술 등 다양한 문명이 교차했 던 문화 완충지역으로 찬란한 문화를 꽃피웠다. 하지만 19세기 러시아 제국으로의 합병과 소련의 통치로 인해 오랜 기간 주목받지 못했을 뿐만 아니라 베일에 가려져 있어 그 중요성도 잊혀졌다. 1991년 12월 소련의 해체 이후 카자흐스탄, 우즈베키스탄, 키르기스스탄, 투르크메니스탄, 타지키 스탄 등 5개의 독립 국가로 세계 무대에 등장한 중앙아시아는 지정학적, 경제적, 문화적 다양성으 로 그 중요성이 다시금 부상했다. 중앙아시아는 ‘제2의 중동’, ‘에너지 자원의 보고’라 불릴 만큼 석유, 천연가스 등을 비롯한 다양한 천연자원을 가지고 있으며 유라시아 대륙 중심에 위치한 만큼 지정학적으로 상당히 의미 있는 지역이다. 또한 우리나라의 역사, 문화 및 언어와도 밀접한 관계 를 맺고 있으며, 약 37만에 달하는 고려인이 살고 있기 때문에 이 지역에 대해 이해하는 것은 매우 중요할 것이다. 따라서 본 강좌에서는 중앙아시아의 포괄적 이해를 돕기 위해 먼저 고대부터 현재 까지의 중앙아시아 지역의 역사를 개관하고 문화적 특성을 고찰한다. 이를 통해 1) 수강생들이 중 앙아시아의 다양한 면모를 정확하고 광범위하게 이해할 수 있도록 한다 2) 현재 중앙아시아 국가 의 정치, 경제, 사회, 문화 등을 포괄적으로 분석하여 중앙아시아에 대한 기초지식 습득뿐만 아니 라 중앙아시아가 가지고 있는 지역적 특수성을 이해할 수 있도록 한다 3) 중앙아시아에 대한 전반 적 지식을 바탕으로 향후 한국의 중앙아시아 진출과 한-중앙아시아 교류확대에 일조할 수 있도록 한다.",10,0,(Teaching M ethods ) 강의에 대한 이해도를 높이기 위해 강의 시간에 수업 내용과 관련된 영상물을 시청한다. 중간시험: 수업 주제 관련 레포트로 대체할 수 있음. 과제: 중앙아시아 관련 영상물 시청 후 감상문 제출.,)
인공지능과미래,교양,(Cours e Des cription & Objectives ) 인터넷의 발전은 인터넷이라는 컴퓨터간의 네트웍을 통한 데이터 전송에 국한되지 않고 다양한 기기들과 결합하여 인공지능과의 융복합의 가능성을 보여주고 있다. 기기들 간의 데이터를 주고 받을 수 있는 환경을 바탕으로 많은 시도들이 행해지고 있으며 그러한 시도와 노력은 우리 생활에 많은 변화를 가져오고 있다. 이러한 정보통신 기술의 발달로 변화하게 될 인공지능 및 4차산업혁 명 관련 미래의 생활환경에 대한 이해를 얻고자 한다.,30,0,(Teaching M ethods ) 수업과 질의 응답으로 진행됩니다.,)
언어와미디어,교양,"(Cours e Des cription & Objectives ) 기존의 언어 교육이 문자 언어 활동에 주관심을 두었다면, 현대사회에서 중요한 소통을 담당하고 있는 미디어를 통해 이루어지는 새로운 언어 활동에 대한 연구 또한 중요한 의미를 가진다. 이에 본 강좌는 신문, 방송, 영와, 인터넷 등 다양한 매체를 통해 나타나는 여러 가지 흥미로운 미 디어 언어들의 본질을 탐구하는 것을 목적으로 한다.",10,0,(Teaching M ethods ) 강의,) * 조기취업 학생들은 사전에 강사와 연락하기 바람. * 중간고사는 과제로 대체됨.
만화와애니메이션의이해,교양,"(Cours e Des cription & Objectives ) - 본 과목은 만화와 애니메이션의 매체 및 표현형식적 특성에 대한 이해를 바탕으로 예술적, 문화 적, 산업적 측면 등 다각적인 접근을 시도하고자 한다. - 이를 통해 만화와 애니메이션에 대한 문화적 함의를 파악하고 보다 즐겁게 작품을 감상할 수 있 도록 한다.",15,0,"(Teaching M ethods ) 강의를 중심으로 진행하며, 필요 시 주제 관련 논의 및 질문·답변 시간을 할애할 예정",)
젠더와문학,교양,(Cours e Des cription & Objectives ) 중세(12세기)에서 20세기에 이르는 기간 동안의 서구의 각 언어권별 다양한 '소설 작품'들을 통해 '사랑과 성'의 양상을 살펴보고 이를 바탕으로 인간에 대한 이해를 도모한다. * 로맨틱 러브(낭만적 사랑) * 에로티즘 * 섹슈얼리티 * 포르노그래피,0,0,(Teaching M ethods ) * 강의와 학생들의 발표. * 작품은 개강 전후에 다소 변경 가능함.,) * 발표자를 선정할 경우에는 1
다큐멘터리를통한과학세계,교양,"(Cours e Des cription & Objectives ) 학생들이 다큐멘터리를 통해서 기본적인 과학개념을 바탕으로 상식과 이해를 넓히고 우리생활 및 우리의 미래와 밀접한 관계가 있는 과학개념에 대하여 이해를 돕는다. 학생들이 쉽게 접근할 수 있도록 영상자료를 활용하여 과학적 개념과 원리를 이해하고 체득할 수 있도록 한다. 과학이 우리에게 주는 영향은 어떠한 것인지 알아보고 환경에 어떻게 적응해야 하며, 환경을 어떻 게 보존할 수 있는 방법에 대해 논의할 수 있도록 한다. 자신이 새롭게 알게 된 개념이나 원리, 또 는 개념이나 원리에 대한 의문이나 모순된 부분에 대하여 논의하고 그것을 어떻게 자신의 사고의 변화에 적용하거나 또는 환경의 보존이나 에너지의 활용 등에 적용할 수 있는지의 논의 과정을 통 해서 인간과 과학 및 사회와 환경에 대한 가치관을 정립해 나가도록 한다. 과학 다큐멘터리를 통해서 어느 한 아이디어를 탄생시키기까지의 역사와 수많은 사회적, 정치적, 문화적인 요인들의 영향, 그리고 적대 가설이나 이론, 쟁점 등을 연관시켜 이론의 거듭남의 역사 를 생생하게 보여주어, 과학의 본성뿐 아니라 학생들이 삶에 대해서 생각할 수 있도록 한다.",10,5,"(Teaching M ethods ) 홈페이지에 미리 올려진 다큐멘터리 자료, 강의노트와 ppt자료 등을 중심으로 수업하므로 정해진 교재는 없으며 강의노트와 그와 연관된 자료는 모두 수업 전 학생들에게 제공되므로 홈페이지에 서 다운받아서 사용하며 강의 중심으로 수업을 진행하며 강의한 내용에 대하여 의견을 교환한다.",)
영화속의첨단과학,교양,"(Cours e Des cription & Objectives ) 본 교과목 <영화속의 첨단과학>은 여러 장르의 영화 속에 등장하는 내용들 속에서 다양한 과학 원리(화학, 생물학, 천문학, 지구과학 분야 등) 및 과학기술들을 찾아내어 수업의 주제로 삼는 것 을 강의의 목표로 하고 있다. 이는 기초과학에서 시작되는 수업이 아니라 '현상'에서 출발하여 그 원리와 배경 지식을 알아내는 것을 통해 우리 생활 속에 수많은 과학 원리들을 인지하고자 함이 다. 가령 우주 속 수많은 천체들 중 블랙홀의 탄생 과정과 특성, 생명체의 질병을 유발하는 원인 물질(감염원)과 그 증상, 행성 화성(Mars) 탐사에 대한 인류의 계획과 그 기술의 발달 과정 및 현 상황, 21세기 무병장수를 꿈꾸는 인간의 수명과 노화를 결정짓는 요인과 그 환경, 그리고 우주 탐 사의 미래 등을 주로 다룰 예정이다. 이러한 영화 속 과학 기술이나 과학 지식은 생활 속 과학 및 과학 원리와도 관련이 있으므로 인문계열 학생들도 쉽게 이해할 수 있도록 강의가 이루어질 것이 다.",5,5,"(Teaching M ethods ) 1. 강의계획서에 기재된 수업 방식과 강의 진도는 상황에 따라 다소 조정될 수 있다. 2. 주로 이론강의로 구성되며, 강의 주제와 관련된 시청각 자료(3분 이내 분량)을 학기 중 약 6-8 회 활용할 예정이다. 3. 주차별 강의자료를 [이클래스-강의자료(pdf)]에서 공유할 것이다. 25. 11. 26. 오후 3:19 wis.hufs.ac.kr/src08/jsp/lecture/syllabus.jsp?mode=print&ledg_year=2025&ledg_sessn=3&org_sect=A&lssn_cd=U71849101 https://wis.hufs.ac.kr/src08/jsp/lecture/syllabus.jsp?mode=print&ledg_year=2025&ledg_sessn=3&org_sect=A&lssn_cd=U71849101 1/4",)
문학과사회,교양,"(Cours e Des cription & Objectives ) 문학이란 무엇인가? 문학과 사회는 어떤 관계를 가지고 있을까? 작가는 왜 글을 쓰고 독자는 왜 책을 읽을까? 이는 문학과 관련해 누구나 가져볼 수 있는 근본적인 질문들이다. 본 강의의 목표는 한편으로는 문학이 사회 변혁을 이끌어야 한다는 참여문학론(글을 쓴다는 것은 무엇인가? 왜 쓰 는가? 누구를 위해 쓰는가?), 그리고 다른 한편으로는 문화적, 문학적, 사회적 쏠림현상인 베스트 셀러(책, 작가, 독자)를 다각도로 살펴보고 분석함으로써 이러한 근본적인 질문에 접근해보는 데 있다.",0,10,"(Teaching M ethods ) 강의를 위주로 하되, 우리 문화계, 문학계의 시사적인 사건들과 연계하여 활발한 토론을 유도한 다.",)
시학과기호학,교양,(Cours e Des cription & Objectives ) 명작을 읽어본 적이 언제인가요? 본 과목은 간추린 줄거리가 아닌 인문학 작품을 스스로 독서하 여 사유의 폭을 넓히는 것이 목표입니다. 또한 이러한 작품들이 우리에게 미치는 영향과 의미에 대해 학우들과 공유하는 방법을 익히고자 합니다.,0,10,(Teaching M ethods ) 교수자의 강의와 수강자들의 토론으로 이루어집니다. 25. 11. 26. 오후 4:02 wis.hufs.ac.kr/src08/jsp/lecture/syllabus.jsp?mode=print&ledg_year=2025&ledg_sessn=3&org_sect=A&lssn_cd=U71900101 https://wis.hufs.ac.kr/src08/jsp/lecture/syllabus.jsp?mode=print&ledg_year=2025&ledg_sessn=3&org_sect=A&lssn_cd=U71900101 1/4,) 작품을 숙독하고자 하는 마음을 지니고 오기 바랍니다.
사회봉사,교양,"(Cours e Des cription & Objectives ) 본 교과목은 학생들이 사회봉사 활동을 통해 교양인으로서의 자질과 품위를 향상시키고, 공동체 의식과 사회적 책임감을 함양하는 것을 목표로 한다. 다양한 사회복지 기관 및 공인된 비영리기관에서 직접 봉사활동을 수행함으로써 인간 존중의 가치 를 체득하고, 책임감 있는 세계시민으로 성장할 수 있도록 한다. 첫 시간에는 오리엔테이션을 통해 한 학기 동안 수업을 운영하는 방식과 학생들의 활동 지침을 설 명하고, 질의응답 시간을 가진다. 이후에는 정해진 기관에서 사회봉사를 실시하며, 활동 상황은 조 교를 통해 정기적으로 파악한다. 8주차에는 온라인 중간 점검을 실시하고, 후반기에도 전반기와 동일한 방식으로 진행한다. 학기 말에는 자신의 활동 결과를 레포트나 사진 등의 자료로 보고하고, 봉사 확인증과 함께 최종 과제를 제출해야 한다. 학생들은 주도적으로 봉사활동을 계획하고 실행하는 과정을 통해 자기주도성, 문제해결능력, 의사 소통능력을 기르며, 봉사 경험을 통해 성찰과 성장을 이루도록 한다. 본 과목은 단순한 봉사 활동을 넘어, “사회 속에서 함께 성장하고 함께 살아가는 법을 배우는 과 정”이 되도록 한다.",80,10,"(Teaching M ethods ) 1. 학기 시작 시 오리엔테이션(OT)을 온라인으로 진행하여 사회봉사 과목의 취지, 봉사소양 및 안 전교육, 학점 취득 조건, 활동 기관 선정 방법, 봉사활동 인정 기준, 기관별 안전교육 이수 등을 안 내한다. 학생들은 오리엔테이션에 필수적으로 참석해야 하며, 이 과정을 통해 한 학기 동안의 구체 적인 학습 계획과 활동 지침을 숙지한다. 2. 학생들은 사전에 조교를 통해 봉사기관의 적합 여부를 확인받고, 1365 자원봉사포털 또는 VMS 인증기관에서 봉사활동을 개별적으로 수행한다. 봉사활동은 최소 6회 이상, 총 28시간 이상을 이 25. 11. 26. 오후 3:26 wis.hufs.ac.kr/src08/jsp/lecture/syllabus.jsp?mode=print&ledg_year=2025&ledg_sessn=3&org_sect=A&lssn_cd=U72133201 https://wis.hufs.ac.kr/src08/jsp/lecture/syllabus.jsp?mode=print&ledg_year=2025&ledg_sessn=3&org_sect=A&lssn_cd=U72133201 1/4 수해야 하며, 봉사기관에서 발급하는 공식 확인서(서명 및 직인이 포함된 양식)를 제출해야 한다. 3. 학기 중 8주차에는 온라인 중간 점검을 실시한다. 중간 점검에서는 현재까지의 봉사활동 진행 상황을 점검하고, 남은 기간 동안의 활동 방향을 조정한다. 또한, 봉사활동 과정 중 발생할 수 있는 문제점이나 개선사항을 공유하고 논의하는 시간을 가진다. 4. 학기 종료 전 14주차에는 온라인 기말 점검 및 우수사례 공유 시간을 가진다. 이 과정에서는 학 생들이 자신의 봉사활동 경험을 발표하고, 활동 중 느낀 점, 배운 점을 공유함으로써 사회봉사에 대한 질적 이해를 심화한다. 5. 최종 과제로 봉사활동 결과를 정리한 보고서를 제출한다. 보고서에는 활동기관 소개, 봉사 내 용, 개인적 성찰, 사회적 의미 분석 등을 포함하여야 하며, 봉사 확인증도 별도로 제출해야 한다. 보고서는 A4 기준 5매 이상 작성하며, 제출 기한과 양식은 엄격히 준수한다. * 수업은 학생 개별 활동(오프라인 봉사활동)과 정기적 온라인 모임(OT, 중간 점검, 기말 점검)으 로 병행되며, 모든 과정은 적극적 참여를 기본으로 한다. 정해진 Zoom 모임(3회)과 과제 제출, 봉사시간 충족이 모두 완료되지 않을 경우 학점(Pass) 부여 가 불가하다.",)
문학과영화,교양,"(Cours e Des cription & Objectives ) 문학을 원작으로 하는 영화 분석을 통해 문학과 영화의 상관성을 이해하고 영화가 문학 창작에 활 용되는 과정을 살펴보며, 매체 변용에 따른 서사, 플롯, 등장인물 등의 변화를 분석한다. 이러한 과정을 통해 문학과 영화의 상호 매체성을 창의적으로 사고하고 분석하는 역량과 함께, 비 평 탐구 과정에서 문제점을 발견하고 해결책을 제시할 수 있는 역량, 즉 문학과 영상 문화 리터러 시 함양에 그 목적을 둔다.",0,10,(Teaching M ethods ) 강의식으로 진행됩니다.,)
고전과명저로배우는행복인문학,교양,"(Cours e Des cription & Objectives ) 교과목 개요 : 우리는 누구나 최선을 다해 살고 있다고 믿을 뿐 아니라, 그러다 보면 결국 행복해질 것이라고 생 각한다. 그런데 과연 그럴까? 전세계적으로 하위권에 머무는 대한민국 행복지수는 현실이 전혀 그렇지 않다는 사실을 보여준다. 우리의 낮은 행복지수는 우리의 삶에 근본적인 문제가 있고, 채 워지지 않는 구멍이 뚫려 있다는 사실을 나타낸다. 게다가 현실의 삶은 점점 더 치열한 경쟁을 요 구하는 가운데 많은 사람들에게 현재는 힘들고 미래는 불안하고 불확실하게 느껴진다. 지금 우리는 그 경쟁의 소용돌이에서 잠시 멈추고, 삶에 대한 아주 기본적인 점검을 해야 한다. 그 리고 그것은 우리가 인생을 사는 궁극적인 목표인 행복에 대해 “제대로 알고 실천하고 있는가”라 는 물음으로부터 시작해야 한다. 삶의 주체인 ‘나’ 자신에 대해 다시 생각해보고, 삶을 구성하고 삶에 영향을 미치는 주요 요소들 ? 주변 사람들, 물건, 시간, 공간, 돈, 자연, 죽음 ? 을 근본적으로 살펴볼 필요가 있다. 대한민국에서 진정으로 행복하게 사는 데 필요한 최소한의 쓸모 있는 앎을 얻고, 그것을 학우들과 함께 실천하는 것, 그것이 행복 인문학의 핵심이다. 행복인문학은 고전과 명저들, 그리고 우리보 다 행복에 대해 더 오랫동안 생각하고 더 행복하게 살아가고 있는 행복 선진국들의 경험을 길잡이 로 삼아, 자신과 인간의 삶에 대한 이해를 다시, 제대로 하고, 스스로 생각하는 힘을 길러, 행복의 원리를 깨닫고, 장차 사회인으로서 더 행복해질 수 있는 각자의 길을 찾을 수 있도록 도와주는 강 좌이다. 학슴목표 : 1. 인간의 삶의 목표를 확인하고, 행복의 기본 원리를 이해하고 체득한다. 2. 삶의 주체인 ‘나’와 ‘다른 사람’을 이해하고 삶에 적용한다. 25. 11. 26. 오후 3:24 wis.hufs.ac.kr/src08/jsp/lecture/syllabus.jsp?mode=print&ledg_year=2025&ledg_sessn=3&org_sect=A&lssn_cd=U72183501 https://wis.hufs.ac.kr/src08/jsp/lecture/syllabus.jsp?mode=print&ledg_year=2025&ledg_sessn=3&org_sect=A&lssn_cd=U72183501 1/5 3. 삶의 두 축인 시간과 공간을 이해하고 삶에 적용한다. 4. 돈, 자연, 죽음을 이해하고 삶에 적용한다. 5. 의미의 생성 원리를 이해하고, 진정한 자아를 찾아, 자신만의 행복 플랜을 만들어 실천한다.",0,0,"(Teaching M ethods ) 코로나 진행상황과 수강인원을 고려하여 대면강의와 zoom 수업을 병행하여 진행할 수 있습니다. 매주 공지사항을 확인하시기 바랍니다. 1. 기본적으로 강의 80%, 토론 및 발표 20%의 구성으로 진행합니다. 2. 주별 강의계획에 포함된 도서들에서 발췌한 텍스트(각 1쪽 이내)들을 기본 교재로 강의를 진행 합니다. 기본적으로 포함된 도서들을 가능한 많이 읽도록 유도하지만, 교재 구입은 필수가 아닙니 다. 3. 수강생은 6회의 개별과제를 부여받게 됩니다. 4. 강의자료, 과제는 e-Class 통해 진행합니다. 기타 자세한 내용은 첫시간 오리엔테이션때 안내해드립니다. 구체적인 수업운영은 e-Class 공지를 꼭 확인하기 바랍니다.",)
인간관계와갈등관리,교양,"(Cours e Des cription & Objectives ) <교과목 개요> 인간관계는 개인의 행복과 성공을 결정하는 핵심 요소입니다. 본 과목은 세계적인 인간관계 연구의 권위자 존 고트맨의 과학적 연구 결과를 바탕으로, 대학생들이 건강하고 성숙한 인간관계를 형성하고 유지할 수 있는 실용적 능력을 기르는 것을 목표로 합니다. 고트맨의 30년 이상 연구 성과를 통해 입증된 인간관계의 원리와 갈등해결 기법을 학습하고, 다양 한 관계 상황에서 발생하는 문제를 과학적이고 체계적으로 해결하는 방법을 익힙니다. 특히 감정 코칭, 원칙 중심 협상법, 감성지능 등 현대 인간관계학의 핵심 이론들을 통합적으로 학습합니다. <학습목표> 고트맨의 과학적 연구에 기반한 인간관계의 기본 원리를 이해한다. 효과적인 의사소통 기술과 감정 관리 능력을 습득한다. 갈등의 건설적 해결을 위한 협상 및 조정 기법을 익힌다. 감성지능을 바탕으로 한 공감과 상호 이해 능력을 개발한다. 가족, 친구, 연인, 직장 등 다양한 관계 맥락에서의 실용적 기술을 기른다. 자기 성찰을 통한 성숙한 관계 형성 능력을 함양한다.",10,10,"(Teaching M ethods ) 1) 강의와 발표, 토론, 과제 등을 병행. 2) 해당 주제에 대한 조별 토의, 토론 내용 발표 및 질의응답 3) 소그룹 활동 및 실습: 조별 사례 분석 및 역할극 4) 다음 시간 주제에 대한 ‘미리 생각해 보기’ 제시",") 1. 교재: 진도에 따라 수업자료를 미리 읽어올 것. 2. 발표: 해당 주제가 자신의 조별 발표에 해당할 경우, 조원들과 미리 만나서 토의한 내용을 발표 하고, 다른 학생들에게 5가지 질문을 던진 후 이에 대해 토의 주도. 3. 과제 및 평가방법: 오리엔테이션에서 안내 4. 출석: 결석 면제 사유(특별한 경우, 해당 증명서를 미리 제출해야 함, 갑작스런 입원의 경우, 사 후 진단서 가능), 지각 3번은 1번의 결석"
에스페란토어의이해,교양,(Cours e Des cription & Objectives ) 한 학기 동안 에스페란토의 언어적 특징과 문화적 특징을 학습하는 것을 목표로 한다. 1. 에스페란토의 어학적 특성을 학습함으로써 자연어와의 차이와 특색을 익히고 언어학적 소양을 쌓는다. 2. 에스페란토의 문화적 특성을 학습함으로써 세계 시민의 평등과 조화를 익히고 국제화 시대에 맞는 안목 및 관점을 함양한다.,5,10,"(Teaching M ethods ) 1. 출석(10%): 수업 참석 현황을 매주 기록하며, 결석 처리는 기본적으로 학교의 원칙을 따름. 2. 중간 시험(25%): 에스페란토의 어학 지식 습득에 대한 학습 상태를 평가한다. 3. 기말 시험(50%): 에스페란토의 일상 표현 활용 능력에 대한 학습 상태를 평가한다. 4. 과제(10%): 에스페란토를 활용한 짧은 분량의 과제를 제출한다. 5. 기타 평가(10%): 참여 등을 종합적으로 평가한다.",)
오페라의감상,교양,"(Cours e Des cription & Objectives ) 오페라 공연이 많이 대중화되었지만, 다양한 예술 형태가 결합된 종합예술인 오페라를 제대로 감 상하는 데에는 어려움이 있다. 전통적으로 크게 사랑 받아 온 장르인 오페라의 대표적인 작곡가와 작품을 고찰함으로써, 오페라의 본질을 보다 쉽게 이해하고, 오페라 감상에 흥미를 유발하고자 한 다.",20,0,"(Teaching M ethods ) 오페라의 시대적 흐름과 대표적 작품, 작곡가와 작품세계를 해설하고, 다양한 영상을 감상한다.",)
현대인의정보관리,교양,"(Cours e Des cription & Objectives ) 최근 고도화·지능화되고 있는 사이버공격으로 인해 개인정보뿐만 아니라 국가기반시설 등 안보에 관련된 정보까지 노출되면서 정보보호에 대한 중요성이 높아지고 있으며, 우리나라뿐만 아니라 전 세계는 인터넷을 매개로 하여 모든 사물이 연결되는 지능정보사회로 변모하고 있습니다. 이에 따라 정보의 보호뿐만 아니라 활용도 중요한 이슈가 되었습니다. 특히, 개인정보 유출사고가 발생하면 헌법상 개인의 기본권인 개인정보자기결정권을 침해받게 되고, 이는 신체·재산상의 제2 차 피해로 이어집니다. 뿐만 아니라 스마트 카, 스마트 홈, 스마트 그리드, 스마트 의료 등의 융합 화가 이루어지고 있는 사물인터넷은 인간에게 편리함을 주지만, 개인의 정보가 실시간으로 수집 되고 이동된다는 것은 정보 유출의 위험성을 내포하는 것입니다. 본 강의에서는 이러한 현대인의 정보관리에 대한 내용을 이해하고자 합니다.",30,0,(Teaching M ethods ) 수업과 질의응답으로 진행됩니다.,)
동서양복식문화,교양,"(Cours e Des cription & Objectives ) 현대의 삶에서 의복은 자신의 개성을 표현하는 수단이지만 과거에는 엄격한 신분제의 질서를 반 영하며 각 나라마다 고유한 미적 의식을 반영해왔다. 우리의 일상의 삶과 분리할 수 없는 의복, 복 식 문화는 그 사람, 민족의 정체성과 긴밀한 관계를 맺어왔다. 우리는 자신의 문화적 정체성을 이 해하기 위해 의복이 어떠한 역사 단계를 거쳐서 오늘날에 이르게 되었는가에 대해서 단계적으로 이해할 필요가 있다. 동서양의 고대부터 중세, 근현대에 이르는 복식의 변천 과정과 역사적 사건 에 대해 학습하고 오늘날 개인의 개성을 드러내는 룩(look)의 개념으로서의 패션에 대해서 생각 해보고자 한다. 이 강의는 패션, 복식 문화의 현재적 의미를 이해하고 그에 대한 자신의 관심사를 찾고 발전시킬 수 있는 시간이다. 수강자는 이 강의를 통해서 한국, 중국, 일본을 위시하여 서구 근대 이후 복식 문화의 문화사적 흐름을 파악할 수 있으며 오늘날의 패션 산업과 문화가 지닌 글 로벌한 환경에 대해서 이해하게 된다.",20,5,"(Teaching M ethods ) 본 강의는 강의와 발표, 토론 등으로 진행된다. 중간 시험, 기말 시험을 치르며 기말 시험일 자정 전까지 복식 문화와 관련된 주제를 자유롭게 정하고 관련 자료들을 참조해 세 페이지 내외의 보고 서로 제출한다.",)
환경과삶,교양,"(Cours e Des cription & Objectives ) 기후변화와 도시화, 산업 발달 등으로 시민들은 일상생활에서 대기오염과 수질오염, 폐기물 문제 등 다양한 환경 문제와 마주치게 된다. 아울러 기후와 환경 이슈는 실생활에 영향을 주고, 경제와 산업에도 영향을 미치게 된다. 21세기는 기후와 환경 문제를 모르면 지식인으로서 제 역할을 하기 힘든 시대다. 현대 시민으로서 기후 환경 이슈에 대한 기본적인 지식을 습득하는 것은 사회 생활에서 기본적인 요소가 되고 있고, 건강한 삶을 살아가는 데도 필요하다. '환경과 삶'이란 교과목은 21세기 시민으로서 갖춰야 할 교양으로서의 환경 지식을 쌓는 것을 목 표로 한다. 또, 우리 사회를 건강한 방향으로 나아가게 할 책임을 가진 미래 지도자가 가져야 할 기본적인 소 양을 갖추도록 하는 데 목표를 두고 있다.",10,10,"(Teaching M ethods ) ppt를 통해 강의를 진행하며, 수업 중간중간에 가벼운 질문을 통해 수업에 적극적으로 참여하도 록 유도함.",)
"인문학의이해-문학,역사,철학",교양,"(Cours e Des cription & Objectives ) 본 강의의 목적은 문학, 역사, 철학 등 인간의 감정과 경험, 인식이 담긴 다양한 텍스트를 통해 시 대와 문명을 관통하는 인간의 무늬를 통찰해 보고자 하며, 이를 통해 인간의 특성과 가치는 물론 인문학의 현대적 의미를 탐색하고 그 본질을 이해하고자 함",20,20,"(Teaching M ethods ) ※ 강의 내용과 방법은 오리엔테이션에서의 수강생 요청이나 설문, 필요에 따라 탄력적으로 운영 할 수 있으며, 특강과 워크숍, 외부실습 등을 활용할 수 있음 *특히, 학생들의 설문과 요구에 기초하여, 학습목표와 방법 설계를 통한 커리큘럼을 전면적으로 재구성할 수 있음 *수업은 교수자의 강의, 발표와 토론, 쪽지의견 등으로 구성. *1~2회 온라인 강의 실시할 수도 있음 *과제물은 학습진도와 방법에 따라 팀과제와 개인별 과제 등으로 탄력적으로 운영할 수 있음 *수업태도(질의응답, 토론, 발표) 역시 평가에 들어가므로 학생들의 적극적인 수업태도를 요함",)
외국인학생들과더불어하는K-Music체험,교양,"(Cours e Des cription & Objectives ) 증가하는 유학학생들과 더불어 한국의 문화중 K-Music에 대해 미학적 관점에서 보다 한국성에 초점을 맞추어 한국 문화 콘텐츠의 경쟁력이 강화되고 있는 시대의 흐름을 고찰하 국인 유학생들에게 한국의 미를 체험하게 하고 K-Music의 원동력과 발전, 세계인과 더불어 즐기는 문화예술의 미래를 전망해본다. 본 교과목은 21세기 4차 산업혁명 시대를 맞이하여 더욱 중요성이 부각된 인간과 사회에 대한 이해와 연구, 사람과 사람간의 관계성 형성을 위한 기본 소양과 타인에 대한 배려와 로서의 품위와 품격을 키우고 인격을 함양하는 교양과목이다. 서구 클래식음악을 주로 하여 음악회 에티켓부터 시작하여 감상법, 문학, 미술, 역사 등과 연관된 인문학으로서의 음 해 인간만이 느낄 수 있는 감동과 위로, 행복이 충만한 삶을 누리고 능력을 계발하여 창조력을 육성하며 환경의식을 고양시키고 사회문제를 해결할 수 있는 역량을 키우는 것이다 시청각 자료들을 활용한 최신 논쟁 이슈를 인문학적 접근을 통해 자신의 의견을 다른 사람들 앞에서 감정적으로 흔들리지 않고 논리적으로 발표하고 설득하고 타인의 의견을 경청",10,15,"(Teaching M ethods ) 강의는 아래 3가지 방식으로 진행된다. 1. 음악에 관한 기본적인 이론과 지식을 습득 2. 우리 일상에서 무심코 간과하는 문화예술에 대한 사안을 포착한 교재를 같이 읽고 개별적인 의견을 개진 4주차 이후에는 팀 프로젝트 방식으로 담당교수가 짜준 조별로 같이 듣고 토론하고 학우들 앞에서 발표 3. 음악감상 - 클래식음악 감상법 이 수업은 주입식 이론 교육이 아닌 음악감상을 위한 최소한 상식선의 지식 습득 이후 개인, 팀, 참여형 프로젝트 진행하는 레시테이션 방식의 수업입니다. 그래서 수업 태도와 발표가 학점 이수의 관건이며 수업 중 수업과 관계 없는 전자기기 사용과 개인 활동, 팀원에게 위해가 되는 이기적이고 무책임한 행동은 학칙에 의거 퇴거 조치와 함께 낙제를 부여합니다. 또한 다른 팀원들에게도 피해를 가고 연대 책임을 물을거니 유념하기 바랍니다. 1. 홍익인간부터 시작하여 한국인의 정체성과 뿌리를 소개 2. 한국전통문화의 발생부터 현재까지의 발전과정을 파악하며 K-Music이 세계를 선도하는 이유를 분석 3. 세계적으로 각광 받는 한국의 미에 대해 알며서 지구평화와 인류애를 위한 화합에 이바지 4. 국가경쟁력이 중요한 요즘 시대, 단순한 물리 환경의 개선과 정량적 발전에서 벗어나 문화, 사회 등 비물질적 환경에 대한 다차원적 가치 추구를 통해 한국과 한국외국어대학교 의 참여와 한국적 美 체험 기회를 확대",N/A
기술사업화사례및실습,교양,"(Cours e Des cription & Objectives ) 스타트업에 있어서 지식재산이 가지는 의의를 알고 기본적인 지식재산에 대한 의미를 익히는 기 초적인 내용의 강의임. 힉습목표는 다음과 같다. 1. 스타트업 또는 창업에서의 지식재산권이 가지는 의미? 2. 지식재산의 이해(특허, 실용신안, 디자인, 상표, 저작권, 직무발명) 3. 창업관 관련 정부과제의 지원방법 및 종류 알아보기 4. 차업관련 사업계획서 작성하기 5. 기술사업화 개념 이해하기 6. 수업내용 순서는 바뀔 수 있습니다.",0,0,"(Teaching M ethods ) 1. 강의 내용은 사정에 의해 일부 순서를 조정할 수 있음. 2. 평가는 패스(과제 모두 제출) 또는 실패(과제 미제출, 결석 25% 초과시)로 한다 3. 출결: 1회 결석 -1점, 4. 시험 및 과제 : 시험은 대체과제물로 대체.",) - 중간고사+기말고사+과제를 모두 대체과제로 실시함. 이클래스에 업로드 하면 됨. - 4회 초과 결석시 FAIL.
특허와스타트업,교양,"(Cours e Des cription & Objectives ) 스타트업에 있어서 지식재산이 가지는 의의를 알고 기본적인 지식재산에 대한 의미를 익히는 기 초적인 내용의 강의임. 힉습목표는 다음과 같다. 1. 스타트업 또는 창업에서의 지식재산권이 가지는 의미? 2. 지식재산의 이해(특허, 실용신안, 디자인, 상표, 저작권, 직무발명) : 3. 창업관 관련 정부과제의 지원방법 및 종류 알아보기 4. 창업관련 사업계획서 작성하기 5. 수업내용 순서는 바뀔 수 있습니다.",0,0,"(Teaching M ethods ) 1. 강의 내용은 사정에 의해 일부 순서를 조정할 수 있음(동영상) 2. 평가는 패스(과제 모두 제출) 또는 실패(과제 1개라도 미제출)로 한다 3. 출결: 1회 결석 -1점, 4. 시험 및 과제 : 시험은 대체과제물로 대체. 25. 11. 26. 오후 3:25 wis.hufs.ac.kr/src08/jsp/lecture/syllabus.jsp?mode=print&ledg_year=2025&ledg_sessn=3&org_sect=A&lssn_cd=U76112101 https://wis.hufs.ac.kr/src08/jsp/lecture/syllabus.jsp?mode=print&ledg_year=2025&ledg_sessn=3&org_sect=A&lssn_cd=U76112101 1/4",) - 중간고사+기말고사+과제를 모두 대체과제로 실시함. 이클래스에 업로드 하면 됨. - 4회 초과 결석시 FAIL.
동물복지의인문학,교양,"(Cours e Des cription & Objectives ) 오늘날 세계 곳곳에서 동물들은 분명 인간이 누리는 삶과는 다른 삶을 살아가고 있다. 인간의 삶 은 점점 풍요로워지고 안락해지는데 반해, 동물들의 삶은 인간의 풍요를 위해 반대 방향으로 나아 가고 있다. 이를 자연의 정복자이자 이성을 가진 유일한 존재라고 자부하는 인간이 누려야 하는 당연한 권리로 바라볼 수 있을까? 즉, 행복추구권은 인간만이 누려야 하는 권리일까? 단순히 지능 이 떨어진다는 이유만으로 이들을 이렇게 대우해도 문제가 없는 것일까? 본 강의의 취지와 배경 은 바로 이러한 물음이다. 반려동물 인구가 천만을 넘어서고 있지만 우리는 여전히 그들을 잠시 가지고 있다가 언제든 내다 버릴 수 있는 물건으로 취급하고 있고, 점차 확대되는 육류소비로 동 물들은 재산이나 소비의 대상으로 인식되고 있다. 여기에 인간의 도덕성은 끼어들 여지가 없다. 최근 우리 사회에서 일고 있는 인문학 열풍은 발전 지상주의에 묻혀 점차 매몰되어가는 인간성을 회복하려는 노력의 일환이기도 하다. 동물과 인간의 관계를 성찰하고 인식을 개선하는 것 또한 인 문학의 영역이라고 할 수 있다. 소위 ‘동물 인문학’이라고 부를 수 있는 동물복지의 문제는 우리 세대가 반드시 생각해 보아야 할 많은 문제들을 제기해 준다. 이에 본 강의를 통해서 인간과 동물 의 관계를 재성찰하고 동물들을 대하는 우리 인간의 태도는 어떠해야 하는지를 숙고하고자 한다.",0,10,"(Teaching M ethods ) 강의는 주로 강사의 사례와 이론 강의로 이루어지지만, 강의 도중 토론을 유도하고 학생들이 적극 참여할 것을 요구함 주차별 강의 내용과 순서는 약간 변형될 수 있음",)
분노와용서,교양,"(Cours e Des cription & Objectives ) 본 강의의 주된 목표는 다음과 같다. 첫째, 분노는 본성적으로 통제하기 어렵고 또한 이성적인 단초로부터 출발하지만 오히려 이성을 수단화하고 도구화하는 성향을 가지고 있다. 이런 점에 유의하면서 본 강의에서는 인간의 감정들 중 가장 강력한 분노를 적절히 조절하고 치유할 수 있는 방안을 모색하고 제안하고자 한다. 둘째, 인간에게만 고유한 용서 행위 자체에 대한 이해를 도모하고, 이를 토대로 용서의 실천을 위 한 실질적인 방안을 마련하고자 한다. 여기에 더해 인간관계의 모든 심급에서 이루어지는 용서를 통해 당사자들의 관계가 갈등, 투쟁, 폭력으로 얼룩지는 것을 최소화함과 동시에 집단, 국가들 사 이에서 훼손되고 파손된 관계의 재설정, 평화적 관계 회복을 위한 길을 함께 모색하고자 한다. 위의 목표가 인간의 인간다움을 겨냥하고 있고, 철학적 탐구 뿐만 아니라, 심리학, 생물학, 종교학 등 분노와 용서에 대한 이해를 다루고자 한다.",10,30,"(Teaching M ethods ) 조별 토론, 강의와 질의 응답으로 구성됩니다. 25. 11. 26. 오후 3:22 wis.hufs.ac.kr/src08/jsp/lecture/syllabus.jsp?mode=print&ledg_year=2025&ledg_sessn=3&org_sect=A&lssn_cd=U76127301 https://wis.hufs.ac.kr/src08/jsp/lecture/syllabus.jsp?mode=print&ledg_year=2025&ledg_sessn=3&org_sect=A&lssn_cd=U76127301 1/4",") * [모국어가 한국어가 아닌 분들의 경우] 수업의 취지에 따라 한글로 된 책, 영상을 보고 쓰고 생 각을 나눌 수 있는 한국어 능력을 갖춘 분들에게 적합한 수업입니다. (조별 토론에 적극 참여하여 생각을 나누고,, 자아 성찰의 일환으로 일지를 쓰는 수업입니다.) 위와 같은 점을 유의하시어 수업에 참여해 주세요! ## 조별토론이 많은 수업입니다. (한국어로 진행) 상대평가 1. 출석 : 10점 2. 기말시험 : 50점 3. 기말보고서(용서와 분노에 대한 자기 성찰 일지) 제출 : 10점 4. 조별 활동 : 30점"
사람다운삶을위한관계,교양,"(Cours e Des cription & Objectives ) 오늘날 우리는 긴밀히 연결되어 있으면서도 오히려 고립과 외로움이 증대되는 상황에 놓여 있는 듯이 보인다. 어떻게 사는 것이 사람다운 삶을 사는 것인가 하는 질문이 사람들을 줄곧 따라다니는 것도 이 때 문일 것이다. 궁극적으로 사람다운 삶이란, 인간적 의미에서의 행복한 삶이라 할 수 있겠다. 이것은 무엇보다도 실천적으로, 나와 나 자신이 낯선 것이나 친숙한 것에 대해 적절한 태도를 취하고 관계를 형성하 는지에 달려 있다. 사람다운 삶과 그와 결부된 인성의 문제는 인간이 처해 있는 상황 속에서 자기 자신과 또, 타자와 맺는 ‘관계의 능력’을 실천적으로 어떻게 발휘할 수 있느냐의 문제로 구체화 된다. 이 수업은 나와, 친구, 타인, 이웃, 사회와 공동체는 물론이고, 사물, 동물, 식물과의 관계에 관해, 나아가 자기 자신과의 관계 속에서 스스로 성찰하는 시간을 통해, 자율과 연대, 배려와 책임의 삶 을 상상함으로써 ‘더불어 살아가기’의 능력을 배양하는데 도움을 주는 수업이다. 이를 위해 본 수업은 사유의 과정을 기록하는 실습을 결합하고 있다. 철학이나 문학 고전 텍스트 속에서 사람다운 삶을 위한 관계를 고찰해 보고, 자신의 생각을 글로 정리해 보는 습관을 기르는 것을 도모한다.",55,25,"(Teaching M ethods ) * 교재를 중심으로 한 예습 * 강의 * 스스로 생각하고 글쓰는 연습 ** 본 수업의 취지를 숙지하고, 스스로 읽고 생각하고 자신의 생각을 글로 표현하는 연습에 돌입 하실 분들, 수업 신청해주세요! ** 참고로, 위의 취지에 따라 본 수업은 과제(*사유연습노트 작성)가 6회 이상 부과됩니다.( 1페 이지 분량 정도, 줄 글 방식이 아닌 자유 형식의 글 포함, 자세한 작성 방식은 1주차 수업에서 안 내 예정) *세부 강의 계획은 1주차 수업에서 안내하며, 수업 진행상황에 따라 수강생과의 상의, 동의하에 일부 계획을 수정할 수 있습니다.",") <<<필독>>> * 스스로 읽고 생각하고 쓰는 수업이니, 이러한 수업 취지에 맞춰 한 학기 동안 수업에 적극적으 로 임해 주세요. * [모국어가 한국어가 아닌 분들의 경우] 수업의 취지에 따라 한글로 된 책을 읽고 쓰고 생각을 나눌 수 있는 한국어 능력을 갖춘 분들에게 적합한 수업입니다. 유의하세요."
문학과도시,교양,"(Cours e Des cription & Objectives ) 문화적 공동체로서 한 도시에 대해 우리가 갖는 이미지는 일차적으로는 실재 공간과 장소를 기반 으로 구축된 것이면서, 예술적 재현이나 왜곡이라는 이차적 해석이 덧입혀져 형성된 것이다. 그런 의미에서 문학 속 공간/장소는 반드시 현실의 공간/장소를 그대로 반영한다고는 할 수 없다. 그러나 포콕이 “허구적 진실은 단순한 사실을 초월하는 진실이다. 허구적 실재는 물리적인 일상 적 실재를 초월하며 그보다 더 많은 진실을 내포하고 있다.”고 말한 것처럼, 문학은 공간/장소가 가지는 의미의 본질을 담고 있다. 인본주의 지리학자 이 푸 투안이 소설가가 무의식 속에 숨어버려 의식 밖으로 끌어내기 어려운 ‘불완전한 경험’에 목소리를 부여한다고 말한 것처럼 문학은 인간과 공간/장소 사이의 관계성을 찾아 가는 데 있어 길잡이가 되어 왔다. 본 수업은 언어를 매개로 한 재현으로서 텍스트의 내적, 외적 요인을 고려하는 동시에 텍스트가 공간/장소에 대해 어떻게 이야기하며, 이것이 현실의 사회문화에 있어 어떤 역할을 하는지 탐구 하려 한다. 따라서 본 수업의 학습 목표는 아래와 같다. 첫째, 실재의 장소가 언어를 매개로 하여 작품으로 재현되는 양상을 살펴보고 그것이 어떻게 장소 이미지를 형성하는 지 탐구하는 것 둘째, 문학 텍스트의 공간/장소가 현실 세계에 있어 어떤 의미를 갖는 지 독해하는 것 위의 두 목표를 성취하기 위해 2주에 하나의 도시를 다루며, 한 주는 텍스트에 중점을 두고 한 주 에는 도시 자체에 중점을 둔다. 본 수업에서는 도시 이미지를 미학적으로 새롭게 탄생시킨 작품을 선택했으며, 리얼리즘, 모더니 즘, 포스트 모더니즘의 시대적 균형도 함께 고려했다.",0,0,(Teaching M ethods ) 중간고사 이전에는 강의로 진행되며 중간고사 이후에는 발표도 함께 진행,)
디지털미디어와사진제작및응용,교양,"(Cours e Des cription & Objectives ) 디지털미디어와 사진 제작 및 응용 학과목에서는 미디어 발전에 큰 역할을 해 온 사진의 발명과 발전 과정을 학습하고 디지털미디어에서 사용하는 디지털사진에 대한 기본지식을 터득하고 디지털미디어 문화시대에서 알아야 할 기본적인 것들을 학습 하도록 한다. 현대인들은 누구나 휴대폰을 가지고 사진을 촬영하고 필요에 따라 동영상까지도 촬영하고 카톡이나 문자 메시지를 통해 사진을 주고 받고 하는 것이 일상화 되어 살아가고 있다. 휴대폰으로 촬영을 하는 것도 카메라의 올바른 사용법을 배우고 보기 좋은 사진 구도에 대한 학습을 통해서 사진에 대한 전문 지식을 알게 되면 수강생들도 휴대폰으로 사진과 동영상을 촬영하는 능력이 남다르게 발전 될 것이다. 한 컷의 사진으로 모든 사람들에게 감동을 주고 매일 신문의 1면 톱 사진들과 잡지의 표지 사진들을 보게 되면 얼마나 사진 전문가들이 결정적인 순간 포착이나 한 컷으로 메시지 전달을 위해 애쓰고 있는지 보 게 된다. 임팩트가 있는 사진을 만들어 내어 전 세계인들의 주목을 받고 있는 뉴스 사진과 광고사진들이 끊임없이 촬영되어 보여지고 있다. 25. 11. 26. 오후 4:03 wis.hufs.ac.kr/src08/jsp/lecture/syllabus.jsp?mode=print&ledg_year=2025&ledg_sessn=3&org_sect=A&lssn_cd=U76142101 https://wis.hufs.ac.kr/src08/jsp/lecture/syllabus.jsp?mode=print&ledg_year=2025&ledg_sessn=3&org_sect=A&lssn_cd=U76142101 1/4 역대 퓰리처 수상작들을 보시면 사진의 힘이 얼마나 사람들에게 감동을 주고 삶을 되돌아보고 사진 문화를 발전시켜 왔는지 생각해 볼 수 있을 것이다. 사진의 발명이 원천이 되어 영화의 발명으로 전 세계인들이 영상 문화를 즐기며 신명나게 살고 있 다. 오늘날 국내에서도 천만명 이상의 관객이 본 영화의 수도 계속 늘어나고 있으며 한국영화가 오징어 게임 등의 우수 작품으로 전 세계인들을 놀라게 하고 있는 것도 그만큼 연구하 고 전문가들을 양성하여 이바지한 결과이다. 광고산업도 나날이 발전하여 국내 광고대행사의 규모도 계속 매출이 늘어나고 있다. 100세 시대가 도래되고 있는 것도 의학사진의 발달로 X-Ray,CT,MRI 촬영 등 의료사진술의 발달 로 병원에서 영상의학과의 역할이 매우 중요하게 되었기 때문이다. TV문화도 채널이 많아지고 언제나 보고 싶은 영화도 볼수 있는 네플리스 등의 출현도 유튜브의 전성시대가 도래된 것도 모두 사진의 발명으로 시작 된 것이다. 핸드폰의 발달로 누구나 사진과 동영상을 촬영하여 1인 미디어 시대의 주인공이 될 수 있다. 사진에 대한 기본 메커니즘과 촬영 방법에 대한 기본지식을 익히고 미디어에 대한 다양한 이해가 필요한 것이다. 핸드폰과 유튜브 전성시대에 꼭 실제적인 도움이 되는 교양 과목이 될 것 입니다.",20,10,(Teaching M ethods ) 수강생들은 6개 조로 나누어 사진촬영 실습을 합니다. 사진촬영 실습에 필요한 DSLR카메라는 담당 교수가 준비해 옵니다. 2025년 9월 3일 수요일 첫 주 오리엔테이션 시간에 포트폴리오 발표 수업 진행 여부를 수강생들의 의견을 들어보고 강의 계획을 변경할 예정 입니다.,) *카메라가 없어도 수강하는 데에는 문제가 없습니다. *촬영실습 때 사용 가능한 DSLR 카메라를 조 별로 한 학기 동안 카메라를 빌려 드립니다.
라틴어와로마문명,교양,"(Cours e Des cription & Objectives ) - 라틴어는 대부분 서구 언어들의 모어로서 흔히 ""사어""라고 일컬어지지만, 중세 이후 교회와 학 문 세계에 면면히 살아 있었으며 지금까지도 문학, 역사, 철학에서 뿐 아니라 정치학, 법학, 의학 등 여러 학문 영역에서 중요한 접근 도구로 쓰이고 있다. 영국이 유럽연합에서 탈퇴한 2020년 브 렉시트(Brexit) 이후 영어의 제1공용어 지위가 흔들리고 이 자리를 라틴어로 대체하자는 주장이 유럽 전역에서 크게 확산하고 있기에, 라틴어가 현실의 정치 상업 언어가 될 가능성이 있다. 라틴 어의 기초를 배워 놓으면 큰 기회가 열릴 수 있다. - 이 강좌는 이렇게 유용한 라틴어를 익히는 것을 목표로 하며, 구체적으로는 고대 로마의 '고전 라틴어'(latina classica)를 배운다. 아울러 고대 로마의 신화, 역사, 문학에 대한 이야기를 접함으 로써 서양의 뿌리인 로마 문명에 대한 이해를 넓힌다.",15,0,"(Teaching M ethods ) - 라틴어 문법 강의 - 로마 문명 이해를 위한 영상 자료 감상, 설명 25. 11. 26. 오후 3:54 wis.hufs.ac.kr/src08/jsp/lecture/syllabus.jsp?mode=print&ledg_year=2025&ledg_sessn=3&org_sect=A&lssn_cd=U76220601 https://wis.hufs.ac.kr/src08/jsp/lecture/syllabus.jsp?mode=print&ledg_year=2025&ledg_sessn=3&org_sect=A&lssn_cd=U76220601 1/4",") - 그리스 로마의 신화와 문학 전반에 관심을 가지고 많은 독서를 할 것을 권장한다. - 서양 언어를 전공하는 학생에게 라틴어는 반드시 배우고 익혀야 할 과목이다. - 문학, 역사, 철학, 종교, 언어학 등 인문학을 전공하는 학생도 라틴어는 필수 과목이다. - 서양 언어나 인문학을 전공하지 않더라도, 라틴어는 들으면 많이 남는 과목이다."
문예사조의이해,교양,"(Cours e Des cription & Objectives ) 1. 문예사조의 흐름을 통시적으로 살펴보되, 현대 사회 패러다임을 중심으로 해석하고, 우리의 삶 에 적용해 본다. 2. 각 시대, 사조를 대표하는 작품을 중심으로 논의를 진행해 나간다.",0,0,(Teaching M ethods ) 구체적인 내용은 강의 시간에 안내 예정,) 레포트 표절 금지!! (여러분들의 생각을 들려 주세요~) 이외의 유의 사항은 수업 시 공지~~
문학번역의이론과실제,교양,"(Cours e Des cription & Objectives ) 전반기에는 강의를 통해 문학텍스트의 특성은 무엇인지, 출발텍스트에 대한 충실성과 도착텍스트 의 가독성을 둘러싸고 어떠한 이론적 논쟁이 있었는지 살펴보고, 후반기에는 단편소설(밀란 쿤데 라의 <히치하이킹 게임>)를 직접 번역하여 '좋은 글과 좋은 번역'이 어떤 것인지 함께 따져보며, '타자'의 개념과 번역이라는 실천, 오역시비와 계량적 평가를 넘어서는 번역비평의 이해를 통해 번역 지평의 확장을 모색한다.",30,10,"(Teaching M ethods ) 전반기는 번역이론 강의 위주, 후반기는 번역 실습과 발표, 그리고 피드백, 번역 비평 시도.",)
언어학의이해,교양,"(Cours e Des cription & Objectives ) 본 과목에서는 언어의 본질과 속성을 탐구하고 언어와 인간 사회의 관련성을 살펴봄으로써 인간 과 언어에 대해 고찰해보고자 합니다. 언어는 인간이 가지고 있는 고유하고 고차원적인 능력이며 중요한 의사소통 수단으로, 이러한 언어를 연구하는 언어학은 우리의 삶에서 친밀하고 가깝게 현 상을 관찰하고 분석할 수 있는 학문입니다. 우리 수업에서는 언어학의 전반적인 내용과 더불어 언 어를 중심으로 다룰 수 있는 주제에 대해 탐구할 것입니다. 이를 통해 언어 현상을 분석할 수 있는 기초 지식을 습득하고 변화하는 사회에서 언어학의 역할에 대해 폭넓은 이해를 도모하여 인문학 적인 소양을 함양하도록 합니다.",20,0,(Teaching M ethods ) PPT를 이용한 강의 위주의 수강생의 참여 수업,)
고전음악의이해와감상,교양,"(Cours e Des cription & Objectives ) 아는 만큼 들리는 고전 음악. 고전 음악 감상을 위한 기초 지식을 쌓고 전반적인 이해를 돕고자 한 다. 고전음악의 다양한 용어들과 음악 형식을 학습하고, 유명 작곡가들의 삶과 작품 세계, 그리고 명 곡에 숨겨진 이야기들을 통해 어렵게 느껴지는 고전 음악을 쉽게 이해하고, 감상의 흥미를 유발하고자 한다.",20,0,"(Teaching M ethods ) 고전음악의 다양한 용어들과 음악형식, 작곡가의 삶과 작품 세계를 해설하고, 명곡들의 연주 영상을 함께 감상한다.",)
한국명작의이해와감상,교양,"(Cours e Des cription & Objectives ) 문학 텍스트는 세계의 상처와 부조리에 대한 작가의 개별적인 응답인 동시에 현실의 모순에 대한 상상적 해결을 도모하는 수단이다. 이 수업에서는 국내와 해외 문학 텍스트를 두루 살펴보면서 문학 텍스트가 현실을 반영하는 방식 과 작가별 특성을 먼저 살펴볼 것이다. 평이한 독자의 위치에서 벗어나서 학생들이 문학 텍스트에 적극적으로 개입하여 비평하는 연습을 한다. 문학 텍스트를 감상하면서 우리를 둘러싼 세계를 '인식'하고 '해석'하는 눈을 기르는 것이 이 수업 의 최종적인 목적이다. '알레고리', '시대적 징후', '비애', '멜랑콜리와 아이러니' 라는 키워드로 텍스트를 탐구할 것이다.",20,10,"(Teaching M ethods ) 매주 텍스트를 강독하고, 교수가 텍스트와 관련된 배경지식을 강의한다. 교수의 강의 중심으로 전 개되며 학생들의 자발적인 질문에 답하면서 토론을 병행한다. 수업 전에 텍스트 강독을 해야 하므 로 성실한 독해가 필요하다. 시험과 토론 참여, 서평을 합산하여 성적을 산출한다. 팀플 발표는 시행하지 않을 예정이다. 소설의 독해 수준에 따라 학생들과 협의하여 중간고사나 기 말고사 전 보강을 실시할 수도 있다. 학생들은 텍스트를 강독하면서 각자 '나의 독해 일지'를 작성 한다. 조별 토론은 자유롭게 실시하고, 토론문을 이클래스에 공유한다. 5월에는 '수요 시네마'를 개최하 여 수업 이외의 시간에 영화를 감상할 예정이다. 기말고사는 무제한 필리버스터식 방식으로 진행 한다. 질문이 있으면 주저하지 않고 메일, 전화, 문자, 카톡 등 활용 가능한 통로를 이용할 것을 적 극 권장한다.",") 비대면 수업 시절을 ""편리해서 좋다""고 생각하는 학생들, 독서를 싫어하고 유투브 등 짧은 영상에 중독된 학생들은 고통스러울 수 있습니다. 그런 학생들은 수강 변경을 권장합니다. 강의계획서에 제시한 일정은 상황에 따라 다소 조정될 수도 있습니다. 수업 자료는 매주 교수가 수업 시간에 배포합니다. 외국인 학생들은 한국어가 완벽하지 않으면 텍스트 독해가 어렵습니다. 교재는 매학기 새로운 텍스트를 추가하여 제작합니다. 제작이 완료되면 사회과학관 복사실에 맡 기겠습니다. 개강하는 날부터 구입할 수 있도록 제작하겠습니다."
고전그리스어와그리스문명,교양,"(Cours e Des cription & Objectives ) - 고전 그리스어는 서양 언어들의 모태이며 서구적 지식의 바탕이다. 그리스 문명은 서양 문화의 큰 뿌리인 '헬레니즘'의 토양을 이룬다. 동서양이 하나가 된 글로벌 시대 지식인이라면 누구나 고 전 그리스어와 문명에 대한 이해를 갖추어야 한다. - 이 강좌는 고전 그리스어의 기초 문법을 배우고 그 배경이 되는 그리스 문명을 이해하는 것을 목표로 한다. 문법은 기본적인 내용을 쉽게 익히는 데 중점을 두고, 고대 그리스의 신화와 역사, 문학과 예술 등 문화 전반에 대한 이야기를 들려준다.",15,0,"(Teaching M ethods ) - 학생은 진도에 맞추어 미리 공부해 와서 수업에 참여하고, 교수는 문법을 설명하고 쉽게 익히는 방법을 알려준다. - 문법 공부를 하면서, 그 배경이 되는 신화와 역사, 문학과 예술 등 다양한 주제에 대해 접근해보 고 이해를 넓힌다.",) - 그리스어와 그리스문명은 지식인의 기본이다. - 졸업 후 유학이나 취업 시에 알짜 스펙이 된다.
논리와비판적사고,교양,"(Cours e Des cription & Objectives ) 예전보다는 많이 좋아졌지만, “대한민국은 비논리적인, 비합리적인 사회이다”라는 말이 무리가 없을 만큼 우리나라 사람들에게 ‘논리적’, ‘합리적’과 같은 개념은 아직까지는 익숙하지 않고 어색 한 것들입니다. 물론 중고등학교나 대학교에서는 “논리적인 사고”라는 단어가 어느 정도 익숙해 지고는 있지만, 현실에서 그렇지 않은 것 같습니다. 많은 사람들이 논리적인 사고를 통해 어떤 쟁 점에 대하여 자신의 주장을 말하고 그 주장에 대한 근거를 제시하는 것을 어색하게 생각하고 심지 어 귀찮게 생각하기도 합니다. 그러나 이런 논리적 사고, 비판적 사고에 대한 그 중요성과 필요성 은 점점 더 높아질 것 같습니다. 왜냐하면 각종 시험에 종합적인 사고력과 논리를 측정하는 영역 이 포함되어 있는 것을 보면, 이러한 사고 방식이 현실에서 필요하다는 것을 입증하는 사례라고 할 수 있기 때문입니다. 본 수업은 합리적이고 논리적인 사고를 위한 기본적이고 핵심적인 개념과 다양한 논증 구조, 논리 규칙 그리고 논리 법칙을 학습하고, 이것들이 이용해서 다양한 논리적 쟁점을 파악하고 비판적이 고 논리적인 사고력을 늘리는데 목표를 두고자 합니다. 학생 여러분들이 이 수업을 통해서 자연과 학, 사회과학, 그리고 인문학이라는 구별 없이 거의 모든 학문의 기초를 세우고 있는 다양한 논리 적 개념에 좀 더 가깝게 접근하는 토대가 되고 사고력을 향상시킬 수 있는 기회가 되기를 바랍니 다.",0,0,"(Teaching M ethods ) 본 수업은 기본적으로 우선 기본 논리 능력과 비판적 사고를 향상하고자, 전반부 수업은 기초 논 리학에 대한 지식을 중심으로 강의를 진행할 것입니다. 그런 다음 배운 것을 토대로여러가지 사례 를 살펴가면서 다양한 논증의 기초 원리와 응용법을 파악하도록 특히 과학적 지식이 어떻게 근대 과학 혁명을 이끌었는지, 그 역사적 자취를 다양한 시청각적 자료를 통해 그 논리 구조를 파악하 고 숙지할도록 지도할 것입니다. 또한 일상 생활에서 무의식적으로 자주 범하고 있는 오류 또한 살펴볼 것입니다.",) 자발적인 자세와 적극적인 자세로 재미있게 수업합시다! 그러면 이 수업을 통해서 논리적인 사고 가 발전된 자신을 발견할 수 있을 것입니다.
불교철학의이해,전공,"(Cours e Des cription & Objectives ) 본 강좌는 철학과에서 주관하는 미네르바대학 교양 강의로서 [불교철학의이해]이다. 이 강의는 비전공자도 흥미롭게 접근할 수 있도록 선문답을 중심으로 자기 성찰, 언어의 지혜, 마 음공부를 철학적이면서도 실용적으로 풀어가고자 한다. 본 강좌의 목표는 다음 네 가지다. 1. 한국인의 마음에 스며든 불교의 대표적인 선문답을 통해 인간과 삶에 대한 통찰을 얻는다. 2. 불교의 선문답의 언어 구조와 깨달음의 방식을 이해한다. 3. 일상적 문제에 대해 철학적·선적 응답을 훈련한다. 4. 자기 성찰과 타자 이해를 확장하는 마음공부의 계기를 갖는다.",10,10,"(Teaching M ethods ) 강의 ,질문, 조별 토론, 글쓰기, 발표. 매주 “질문 쓰기” 또는 “자기 성찰 한 줄” 과제 부여",) 강의 계획은 실제 강의 중 사정에 따라 변경될 수 있음.
철학으로의초대,교양,"(Cours e Des cription & Objectives ) 본 과목은 철학과 관련된 책 6권을 읽고, 쓰며, 말하고, 그리고 학생들의 발표에 경청함으로써 과 거 교수에 의해서 일방적인 강의 위주 방식으로부터 탈피하는 것을 목적으로 합니다. 한마디로 말 해서 지금은 폐강되었지만 과거 미네르바 교양 과목에서 실시하고 있는 TRTL(Today reader, Tomorrow leader)수업을 철학에서 심화시킨 수업이라고 보면 될 것입니다. 조금 더 구체적으로 언급하자면 처음 두 권의 책인 ""도덕교육의 파시즘""과 ""호모 에티쿠스""를 통해서는 철학의 영역인 존재론, 윤리학, 논리학의 의미를 파악하여 철학이란 어떤 학문인지에 대해서 알아보는 시간입니 다. 그야말로 진정한 '철학에로의 초대'가 되겠죠. 그러고 나서 우리는 ""겐샤이""라는 책을 통해서 철학이 일상생활의 언어에 어떻게 스며들어 있는지를 살펴볼 수 있는 시간을 경험할 수 있을 것입 니다. 이와 함께 우리가 배우는 철학이란 유발 하라리가 말하듯이 '자유주의적 인본주의'라는 것 을 알게 될 것입니다. 이렇게 세 권의 책을 기본 바탕으로 해서 이제는 어느 정도 철학적 사유가 익숙해졌으므로 마이클 샌델의 ""돈으로 살 수 없는 것들""과 유동민 교수의 ""일하기 전엔 몰랐던 것들""이라는 경제 관련 책 을 읽음으로써 우리는 많은 토론 주제를 얻게 되어 더욱 넓은 철학적 사유와 경제적 개념의 확장 을 경험할 것입니다. 앞의 두 권의 책은 '평등'을 기본으로 하여 유발 하라리의 개념에 의하면 '사 회적 인본주의'에 대해서 알게 되는 시간이 될 것입니다. 이제 마지막 책인 ""소크라테스 익스프레 스""에 의해서는 14명의 철학자가 등장하여 우리가 읽었던 책의 내용들, 구체적으로 말해 '자유'와 '평등'이 어떻게 현실 속에서 철학자의 주장으로 표현되었는지를 이해하게 될 것입니다. 이와 함 께 자신에게 맞는 철학자를 14명 중에서 찾을 수 있을 것입니다. 자! 여러분 이와 같은 철학에로의 초대에 응해서 저와 함께 철학의 세계를 같이 여행해 보시겠습니까?",24,3,"(Teaching M ethods ) 1. 다음과 같은 세 가지 영역에서 평가를 실시하여 학점을 산정합니다. 1) 출석은 20점 만점에서 결석 한 번은 1점 감점, 지각 2회는 1점 감점으로 처리합니다. 그리고 전 자출석 시스템에 10회 미만으로 표시될 경우에는 수업을 안 들은 것으로 간주합니다. (13점 만점) 2) 제시된 6권의 책을 읽으면서 12번의 과제가 제시되고, 그 과제는 매번 수업 끝나면 e-class를 통해서 제시됩니다. e-class의 '과제'란을 확인한 후에 화요일 11:59까지 과제를 제출하면 됩니 다. 여러분들이 수업을 들으려 오기 전에 대부분의 과제가 평가되어 있고, 여러분들은 과제 점수 와 평가 내용을 수업 전에 확인할 수 있을 것입니다. (12점 만점) 3) 매번 수업 후에 e-class의 팀프로젝트 항목에 여러분들이 수업 시간에 했던 토론 중에서 본인 이 생각하지 못했던 좋은 발표를 한 학생의 내용을 간략하게 3~4개의 문장으로 제출하면 됩니다. 또는 자신의 생각을 길게 써도 되고요. (12점 만점) 이와 함께 수업시간에 좋은 발표를 한 학생에 한하여 3점 만점으로 평가합니다. 4) 그렇다면 중간고사와 기말고사는 어떻게 평가할까요? 그것은 중간고사 전에 읽어야 할 책 3권 에 대한 과제 6번 중에서 하나, 혹은 두 개를 선정해서 제출하면 됩니다. 기말고사도 마찬가지입 니다. 이때 중간고사 점수는 공지를 하지만 기말고사 점수는 공지하지 않습니다. 참고하세요. 2. 수업 시간은 크게 2개의 방식으로 분류됩니다. 첫 번째 1시간은 교수의 강의가 있고, 그 다음 두 번째 1시간은 이미 교수가 지정한 책에 대해서 읽고 쓰기 과제 4개의 문제를 통해서 이미 읽었 던 내용을 발표하고, 다른 학생들의 발표도 경청하는 시간입니다. 3. 앞에서 말한 내용만으로 수업이 어떻게 진행되는지 그림이 그려지지 않을 것입니다. 따라서 반 드시 오리엔테이션 시간에 첨석해서 수업 시스템을 이해하기 바랍니다. 그러면 오리엔테이션 시 간에 봐요! ^^",") 종전의 강의는 복습이 중요했다면 우리 수업은 예습이 중요합니다. 미리 책을 읽지 않고 수업에 참여하여 과제, 토론, 그리고 발표를 할 수가 없기 때문입니다. 나머지 사항은 오리엔테이션 시간 에 더 자세히 언급하겠습니다."
유전자와현대생활,교양,"(Cours e Des cription & Objectives ) 본 교과목 <유전자와 현대생활>을 한 마디로 표현한다면, '당신이 먹는 것이 당신이 된다(You are what you eat.)'이다. 인간은 식습관 및 식생활 방식에 따라 건강의 정도가 달라지기도 하는 데, 이는 음식의 다양한 영양소가 체내에 흡수되어 유전자의 발현 정도에 영향을 미치기 때문이 다. 이는 부모에게서 유전된 유전자는 바꿀 수 없으나 유익하거나 해로운 유전자의 스위치를 on/off 할 수 있다는 의미이다. 즉, 타고난 유전자를 자연적으로 변경할 수는 없지만 우리의 환경 이 유전자의 작동 방식의 변화를 유도할 수 있다는 것이다. 이와 같이 식습관에서부터 시작되는 본 교과목 <유전자와 현대생활>에서는 생명의 근원인 유전체(genome)와 세포, 동식물의 복제 및 생명체를 대상으로 하는 다양한 생명공학 기술과 이를 이용한 식품개발 및 생명공학 발전에 관 한 전반적인 내용을 다룰 예정이다.",5,5,"(Teaching M ethods ) 1. 강의계획서에 기재된 수업 방식과 강의 진도는 상황에 따라 다소 조정될 수 있다. 2. 주로 이론강의로 구성되며, 강의 주제와 관련된 시청각 자료(5분 이내 분량)을 학기 중 1~2회 활용할 예정이다. 3. 주차별 강의자료를 [이클래스-강의자료(pdf)]에서 공유할 것이다.",)
인간과생태계,교양,"(Cours e Des cription & Objectives ) 본 교과목에서는 사람을 중심으로 우리가 살아가고 있는 물, 대기, 토양 등을 포함한 생태계(환 경)과의 상호작용에 대해 알아보고 인간과 생태계(환경)이 상생할 수 있는 방안을 모색하며 우리 가 실천할 수 있는 활동에 대한 학습을 목표로 합니다",0,0,(Teaching M ethods ) 최신 국내외 정책 및 연구 동향 자료를 활용한 강의 주도적인 수업으로 진행하며 동영상 관람 등을 통해 생태계(환경)애 대한 관심도 제고합니다,)
컴퓨터활용,교양,(Cours e Des cription & Objectives ) 컴퓨터 기술의 발전과 정보통신 기술의 획기적인 발달은 우리의 일상생활을 크게 변화시키고 있 다. 십여 년 전에는 미처 생각지도 못했던 생활환경이 우리 눈앞에 다가온 것이다. 최근에는 디지 털 혁명을 바탕으로 인공지능과 사물인터넷 등의 4차 산업혁명이 시작되고 있다. 이렇듯 급변하 는 최신의 컴퓨터 관련 핵심 기술들을 중심으로 보다 체계적이고 포괄적으로 고찰할 수 있는 새로 운 형태의 내용들을 소개한다.,30,0,(Teaching M ethods ) 수업과 질의응답으로 진행됩니다.,)
대학생을위한심리치료,교양,"(Cours e Des cription & Objectives ) 교과목 개요: 대학생을 위한 심리치료는 대학생들이 경험하는 심리적 도전과 어려움을 이해하고 효과적으로 대 처하는 방법을 학습하는 실천적 심리학 과목입니다. 본 과목은 대학생의 심리적 웰빙과 개인적 성 장을 지원하는 다양한 심리치료 접근법을 탐구합니다. 학습 목표: (1) 대학생 시기의 특수한 심리적 어려움(스트레스, 불안, 우울, 대인관계 문제 등)을 전문적으로 이해한다. (2) 심리치료의 주요 이론과 접근법을 학습하고 실제 적용 방법을 습득한다. (3)자기 이해와 심리적 성장을 위한 실용적인 심리치료 기법들을 익히고 실습한다. (4) 심리적 어려움에 대한 대처 전략과 회복력 강화 방법을 학습한다. (5) 전문적 심리상담과 자기 치유의 차이를 이해하고, 적절한 심리적 지원 방법을 판단할 수 있는 능력을 개발한다.",10,0,(Teaching M ethods ) 강의 및 질의응답,) 수업안내 및 과제 등의 자료는 e-class에서 공유하도록 하겠습니다.
스마트에너지와생활,교양,"(Cours e Des cription & Objectives ) 1. 최종 소비자가 주로 사용하느 전기에너지 중심의 사회에서 스마트에너지 생활에 대한 고찰 2. 기존의 화석연료체제로 에너지 수요를 충족시키려 한다면 지구환경, 공중보건 및 복지, 국제적 안정성이 위협받게 될 것이다. 3. 다양한 재생가능한에너지 4. 이를 토대로 지속가능한 에너지 체계로 전환하는 단계 5. 이에 현대생활에 필수요건인 에너지와 그에 따른 환경문제에 대해 깊이 있는 이해와 에너지 체 계에 대한 논의를 하도록 한다.",20,10,(Teaching M ethods ) 1. 강의식강의 2. 발표로 진행될 예정입니다.,)
글로벌창업,전공,"(Cours e Des cription & Objectives ) 1. 스타트업 창업에 대한 전반적인 기초 지식을 견고하게 다지고 미래형 인재로서 갖춰야 할 융합 적 감각과 글로벌 비즈니스에 대한 마인드셋(Mindset) 구축 2. 글로벌 시장 스타트업 Scene에서 이루어지고 있는 다양한 이해관계자들(Stakeholders)과 이 들로 구성된 생태계(Ecosystem)에 대한 학습을 통해 스타트업 본질과 특성에 대한 이해도 제고 3. 스타트업 창업 후 글로벌 시장으로 진출, 성장을 위한 필요 역량이 무엇인지 학습하고 이를 달 성하기 위해 길러야 할 핵심 요인에 대한 학습 4. 다양한 글로벌 스타트업의 사례 분석 및 토론을 통한 창업가적 마인드의 성장 도모와 사고방법 학습 (관점과 태도) 5. 글로벌 시장의 트렌드를 이해하고 체계적 학습을 통해 기회를 포착하고 성공적인 글로벌 창업 가로 성장하기 위한 기초 역량 다지기",0,10,(Teaching M ethods ) 1. 강의 교안 및 사례 리뷰 중심으로 진행하며 제출 과제(2회)에 대한 평가 2. 중간/기말고사는 조별 과제 진행 결과물로 평가 중간고사 - 나의 첫 창업 제안서 (수강생 개별 과제) 기말고사 - 글로벌 스타트업 성공/실패 케이스 분석 (팀 과제) 3. 각 조 구성은 4~5명으로 구성 (다양한 전공 수강생 융합) * 강의 내용은 진행 중 일부 변경 가능성 있음 (진도 및 내용 난이도 고려),") 중간고사인 창업 제안서에 대한 부가 설명 <제안서 들어갈 내용과 고려할 사항 가이드 (의무사항은 아니며 참고 차원에서 공유) > 최근 혹은 미래에 유망한 글로벌 트렌드는? 창업 아이디어는 어디서 착안했는가? 개인 취향과 성 향, 목표를 반영 한다면? 글로벌 시장에 당신의 제품/서비스가 없는가? 타겟은 누구인가? 왜 그 사람인가? 타겟으로 하는 글로벌 시장에서 아직 해결되지 않은 문제점(불편함)과 니즈는 무엇인 가? 그리고 현재 그 문제점은 어떻게 해결되고 있는가? 구체적으로 어떤 아이템인가? 왜 그 아이 템인가? 글로벌 시장에서 성공하기 위해 갖춰야 할 역량은? 왜 글로벌 시장으로 진출해야 하는 가? 창업 아이템이 진출 유망한 해외시장은 어떤 상황인가? 비즈니스 생태계는 어떻게 형성되어 있는가 그리고 그 생태계 활용 방안은 어떻게? 달성하기 위해 넘어야 할 제약조건(허들)은? 창업 시 + 창업후 필요한 자금은 얼마나 필요하며 어떻게 충당할 것인가, 그리고 어디에 사용할 것인 가? 당신이 창업하고자 하는 아이템은 대기업이 더 잘 할 수 있는것 아닌가? 기존 대기업 또는 스 타트업과 비즈니스 유사도는 어떠한가?, 경쟁에서 이길 수 있는 갖춰야 할 핵심 역량은? 자유롭게 작성하되 최대한 체계적으로 만들 것, Text보다는 가급적 그래프, 표 등을 활용하여 높 은 가시성과 메시지 전달력을 높일 것 Why에 대한 내용을 다룰 것 (주장하는 내용에 대해서 왜 그런지에 대한) ---OREO (Opinion, Reason,Example,Opinion) 커뮤니케이션 기법 등 활용 권장 SWOT/3C분석/STP전략 등 비즈니스 전략 프레임워크를 사용해서 분석하는 것도 가능 25. 11. 26. 오후 3:53 wis.hufs.ac.kr/src08/jsp/lecture/syllabus.jsp?mode=print&ledg_year=2025&ledg_sessn=3&org_sect=A&lssn_cd=U76395101 https://wis.hufs.ac.kr/src08/jsp/lecture/syllabus.jsp?mode=print&ledg_year=2025&ledg_sessn=3&org_sect=A&lssn_cd=U76395101 2/6 리포트 평가시 아이디어의 참신함(Uniqueness), 고객 적합성(Marketability), (기술적) 구현 가능 성(Feasibility), 지속 성장가능성 (Viability)을 중심으로 평가함"
무역통상실무와글로벌취업시장의이해,교양,"(Cours e Des cription & Objectives ) [교과목 개요] ● 급변하는 세계 경제 환경 하에서 최근의 글로벌 무역, 통상 이슈를 이해하고, 취업에 필요한 이 론 지식은 습득은 물론, 실제 기업에서 활용되는 통상 전략에 대해 이해함 * 트럼프 대통령의 관세 이야기, 마스크 & 요소수 대란의 공급망 위기, 미중 무역전쟁 등 사례 중 심의 이야기 전개 ● 글로벌 취업 시장 및 절차, 필요 서류 등 이해 * 미국, 일본, 독일, 동남아, 중동 등 글로벌 인력(취업)시장 이해 * 본 글로벌 스타트업, 선배에게 듣는 해외 청년 인턴 경험담(잠정) ● 수출과 투자 이야기 * 기업의 경영전략수립, 해외바이어 발굴에서 상품의 수출에 이르기까지 무역실무 * 외국 글로벌 기업의 국내 직접투자(공장설립 등), 우리 기업의 해외투자 진출 전략 [학습목표] ● 세계 무역과 통상 이슈, 글로벌 시장(상품, 자본, 인력) 이해를 바탕으로, 국내 취업 시장은 물 론 세계 무대에 도전할 수 있는 역량을 사전에 갖추는 것을 목표로 함",0,10,"(Teaching M ethods ) ● 전체 대면수업방식 ● 선배, 유 경험자 초청하여 사례 중심으로 수업 추진(계획) * 해외 청년인턴(외대선배), 글로벌 취업시장(글로벌 취업시장 담당자) 등",") ● 무역 통상 이슈는 취업 현장과 연계될 예정으로 인턴, 글로벌 취업 등을 희망하는 3-4학년 적 극 참여 요망하나 취업 여부와는 무관하게 강의를 들을 수 있습니다. ● 중간고사는 단답식 또는 특강으로 대체 진행될 수 있으며, 특강으로 진행될 경우 강의는 정상 적으로 진행되고, 기말고사는 논술로 진행 예정입니다. ● 한국어 사용이 원활하지 않은 외국인 학생은 현실적으로 본 강의를 수강하는데 어려움이 있습 니다. ● 수업후, 글로벌 시장개척, 해외취업 등 관련 개인별 상담이 가능합니다"
시민의사회적책임,교양,"(Cours e Des cription & Objectives ) 본 강의에서는 먼저 세계시민과 세계시민교육에 대한 개념을 정의하고, 공동체의식과 세계시민의 식, 세계시민교육의 필요성에 대하여 살펴봄으로써, 세계시민으로서의 삶 속에서 자신의 역할이 무엇인지 스스로 질문하고, 고민하면서 실천가능한 지역사회의 활동에 대해 생각해 본다. 이론 강 의와 토의?토론, 팀 발표 등의 방식으로 진행하면서, 체험학습으로 유네스코 세계시민교육-국제 기구 체험관과 월드비전의 세계시민학교 체험관의 기관 방문과 체험을 통해 세계시민교육에 대한 관심을 고취하고 학생들에게 국제기구에 관한 진로 체험활동의 기회를 갖고자 한다. 이를 통해, 국제사회에 대한 소속감과 인류를 향한 연대감을 기조로 하는 세계시민정신을 함양하 고, 세계문제를 둘러싼 국제사회 이슈에 대한 이해도를 높임과 동시에 문제를 인식하고 해결할 수 있는 역량을 기르며 지구촌의 지속가능한 발전을 모색하고자 한다.",10,40,"(Teaching M ethods ) 교수자: 강의 학생: 조별 발표, 체험 활동 및 보고서 작성 (체험 활동 2회), 심폐소생술 교육 참여 * 기말고사 실시 여부는 오리엔테이션 시간에 자세히 안내 예정",)
문학과상상력,교양,"(Cours e Des cription & Objectives ) 문학과 상상력과의 연계성은 매우 광범위한 내용과 주제와 사상과 현실의 문제를 내포하고 있다. 본 교과목에서 다루고자 하는 것은 20세기를 기준으로 하여 문학을 비롯한 예술의 경향이 어떻게 변화하였는지를 개괄적으로 살펴보고자 한다. 예술가들은 자신들의 작품세계를 통하여 현실을 반 영하는 다양한 능력과 상상력을 소유한다. 이들 작품은 아주 같지도 않으면서 전혀 다르지도 않은 이야기를 통해 인간의 삶과 희노애락을 담아냄으로써, 독자들과 소통하며 공감대를 형성해 나간 다. 독자들의 공감대를 오랫동안 형성해 온 작품에는 일정한 이야기의 패턴이 있음을 볼 수 있는 데, 이것 때문에 고전작품의 이야기들이 지금 현재에 이르기 까지 반복적으로 재탄생되는 창조적 진화를 겪게 된다. 창조적 진화의 중심에는 상상력이라는 매개가 있으며, 이야기의 발생에서부터 각기 다른 장르로 뻗어가는 현대 서사에 이르기 까지 재미있게 탐구하는 것을 목표로 한다.",0,20,(Teaching M ethods ) 대면으로 수업진행 수업시간에 수업을 한 시간 듣고 바로 이어 토론을 할 수 있도록 진핼할 것임. 무조건 재밌는 수업이나 수업시간에 집중하여 들으시고 토론하시면 더욱 더 배가됨. * 수업계획서 작품들은 변경될 수도 있음. 25. 11. 26. 오후 3:55 wis.hufs.ac.kr/src08/jsp/lecture/syllabus.jsp?mode=print&ledg_year=2025&ledg_sessn=3&org_sect=A&lssn_cd=U78308101 https://wis.hufs.ac.kr/src08/jsp/lecture/syllabus.jsp?mode=print&ledg_year=2025&ledg_sessn=3&org_sect=A&lssn_cd=U78308101 1/4,)
한중일문학산책,교양,"(Cours e Des cription & Objectives ) 문학은 개인과 시대의 상처를 반영한다. 이 수업에서는 한국, 중국, 일본의 현대문학 텍스트들을 감상하고 분석하면서 각 국가들의 역사적 상처와 무의식을 다루고자 한다. 텍스트 선정의 기준은 '전후의 세계'다. 전후 일본의 변화와 한국전쟁의 연관성, 분단과 이데올로기가 우리의 현실에 미치는 영향을 살펴 보고, 중일 전쟁, 문화대혁명, 천안문 사태를 통과하면서 중국이 겪은 변화와 상처를 살펴본다. 그 리고 후기 자본주의 사회에 접어든 현재 세 국가가 공통적으로 겪는 문제들을 문학 텍스트를 경유 하여 응시한다. 한국, 중국, 일본 작가들의 문학 텍스트 속에 시대가 어떤 식으로 반영되었는가를 알아보고, 국가 와 개인 사이에 발생하는 갈등과 상처를 응시하는 것이 이 수업의 목표다. 사카구치 안고, 미시마 유키오, 다자이 오사무, 오에 겐자부로 등 전후 일본 작가들, 모옌, 위화, 옌렌커, 왕멍, 하진, 찬쉐 등 문화대혁명과 천안문 사태를 겪은 중국 작가들의 텍스트를 강독하고, 한국 현대 작가들의 텍스트와 비교하면서 세 국가의 '상처'가 반복, 변주하는 양상을 탐구한다.",20,10,"(Teaching M ethods ) 수업은 주로 교수의 강의를 중심으로 진행된다. 교수가 프린트를 배포한 후 텍스트의 배경과 작가 의 특징을 강의한다. '전후 일본', '문화대혁명', '천안문 사태', '분단과 이데올로기'를 중심으로 역사적 배경을 설명하고, 학생들은 관련 문학 텍스트를 강독한다. 학생들은 강의를 들으면서 텍스트를 둘러싼 배경과 작가의 의식을 공부하고, 자신이 선택한 작가 의 텍스트를 읽고 서평을 작성하는 과제를 수행할 것이다. 학생들이 작품을 선택할 수 있는 기회 를 최대한 보장할 것이며 작품을 감상하고 비평문을 작성하는 과정에서 메일, 전화, 문자, 카톡 등 활용 가능한 통로를 이용하여 질문할 것을 적극 권장한다. 또한 문학 텍스트 뿐만 아니라 세 국가 의 영화 텍스트도 수업에 적극 활용할 계획이다.",") 드라마 <파친코>(2022), 로우 예, <여름궁전>(2006), 고레이다 히로카즈, <원더풀 라이프>(1999), 김보라, <벌새>(2018), 윤종빈, <범죄와의 전쟁>(2010), 천커신, <첨밀밀>(1996) 유위강, <무간도>(2002), 유승택, <군중낙원>(2014) 등을 미리 감상하고 올 것을 권장한다."
대중문화예술의이해,교양,"(Cours e Des cription & Objectives ) <대중문화예술의이해>는 대중문화와 예술의 미학적, 사회적 배경 등을 바탕으로, 현대 대중문화 와 예술이 지닌 특징과 의미를 파악하는 과정입니다. 특히, 대중문화의 사회적인 의미와 매체 발 달 그리고 20세기 대중문화예술의 특징적인 현상에 이르는 현대 대중문화 예술의 의의와 특성을 알아보는 데 목적이 있습니다. 이러한 과정을 통해 대중문화예술의 상호영향관계와 인문학적 의 의를 살펴볼 수 있을 것입니다.",0,5,"(Teaching M ethods ) ?매주 정해진 주제에 따라 강의를 진행하고, 수업 내용의 이해를 돕기 위해 이미지와 영상 자료 등을 활용합니다.",)
동유럽.발칸문화의이해,교양,"(Cours e Des cription & Objectives ) 사이버 강좌로 진행되는 본 과목은 동유럽, 발칸 13개국 중 특히 학생들의 관심도가 높은 국가들 의 역사와 문화에 대한 일반적인 이해와 각 국가별 특징들을 탐방하는 것을 목적으로 하고 있다.",0,0,(Teaching M ethods ) 본 수업은 사이버 강좌로 수업이 이루어 질 것임.,) 1. 본 과목은 사이버 강좌로 이클래스 공지 참조 부탁 2. 시험은 이클래스를 통한 오프북 테스트
라틴아메리카문화의이해,교양,"(Cours e Des cription & Objectives ) 본 강의는 라틴아메리카를 처음 접하는 수강생들을 위한 개론 강좌로서, 라틴아메리카의 식민지 시대 역사부터 현재에 이르기까지 라틴아메리카 문화에 대한 비판적 시각을 통해, 라틴아메리카 의 정치, 경제, 사회적 주요 현안 및 영화, 음악, 문학, 미술을 아우르는 문화적 현안들에 대한 기 초적인 지식 함양을 목적으로 한다. 아울러 이와 같이 여러 다양한 학문적 접근을 바탕으로 통섭 적 사고능력을 배양함으로써, 라틴아메리카의 문화적 정체성에 대한 올바른 해석과 이해를 도모 하고자 한다.",20,0,"(Teaching M ethods ) 본 강의는 해설 강의, 지식콘텐츠 및 멀티미디어콘텐츠 등의 ICT 기반 참고자료 활용, 수강생들의 협업적 대인관계능력 및 커뮤니케이션 역량 제고를 위한 창의적 주제 토론의 세 가지 운영방식을 통한 쌍방향적 참여식 수업을 지향한다. - 해설 강의: 교재 및 참고자료를 e-class에서 사전 열람할 수 있도록 함으로써 강의 내용의 이해 도 및 학습 참여도를 제고하며, 사전 학습한 내용을 바탕으로 자기 주도적인 학습 방식을 훈련하 여 다각도에서 통찰력있는 사고를 할 수 있게 함으로써 자기 주도적인 학습 역량 및 사회 현상을 총체적으로 조망할 수 있는 통합적 사유 능력을 계발한다. - ICT 기반 참고자료 활용: 각종 지식콘텐츠 및 멀티미디어콘텐츠를 참고자료로 활용하여 수강생 들이 사회 문화 강좌에서 느낄 수 있는 지루함과 단편적인 이해를 극복할 수 있도록 돕는다. - 창의적 주제 토론: 일방적 지식 전달을 지양하고, 수업에 대한 관심 고취 및 창의적 사고?소통능 력 배양을 위해 수강생들이 매주 강의 주제에 대해 새로운 시각으로 질문을 던지고 상호 토론하는 시간을 갖도록 한다.",) 본 강의는 라틴아메리카 지역을 크게 브라질 및 히스패닉아메리카 지역으로 분류하여 다음과 같 이 팀티칭으로 운영됨 - 1~9
동양미술사입문,교양,"(Cours e Des cription & Objectives ) 본 교과는 인도, 중국, 일본을 중심으로 고대부터 현대까지 건축, 회화, 조각, 도자, 공예, 판화, 사 진 등 다양한 매체의 미술품이 어떻게 발전 혹은 변천하여 왔는지 동양미술의 전반적인 흐름을 살 펴봅니다. 수업은 다섯 개의 큰 주제 1) 고대 문명과 미술, 2) 종교와 미술, 3) 건축과 회화, 4) 미 술과 교류, 5) 미술과 시장으로 구성되며, 각 주제별로 인도, 중국, 일본 세 나라 각각의 대표적인 작품을 통해 미술품을 둘러싼 시대적, 지리적 배경을 이해하고, 예술과 정치, 경제, 종교 및 새로 운 기술과의 관계 속에서 각 문화권의 미술이 발전한 과정과 특수한 전통을 고찰합니다. 이 과정 에서 동양 미술에 대한 기초적인 교양지식 뿐만 아니라 기본적인 미술사 방법론을 습득할 수 있으 며, 미술품 분석과 해석을 통해 동양의 역사와 문화 전반을 이해하며 통찰할 수 있습니다. 교과 목표 1. 인도, 중국, 일본을 중심으로 대표적인 동양의 미술품과 그 조형적 특징을 이해하고, 동양미술 을 올바르게 해석하며 감상하는 기본 지식을 익힐 수 있습니다. 2. 동양 미술에 대한 기초적인 교양지식 뿐만 아니라 미술품을 통해 역사를 바라보는 눈을 키울 수 있도록 합니다. 3. 학생들 스스로 박물관이나 미술관의 전시 관람에 적극적인 관심을 갖고 감상하며 활용할 수 있 도록 합니다. 4. 내가 좋아하는 미술은 어떤 것인지 나만의 취향을 파악해봅니다.",20,5,"(Teaching M ethods ) - 지정교재는 없으며, 교수자의 강의용 자료(ppt)를 중심으로 계획안 일정에 따라 진행됩니다. - 강의 자료는 pdf 파일의 형태로 강의 전날 저녁까지 이클래스에 업로드됩니다. - 주제에 따라 영상자료를 활용할 수 있으며, 이외 한두 차례의 박물관 현장 학습을 진행합니다.",") - 한 학기 동안 유익한 수업과 원활한 진행을 위해 첫 오리엔테이션 수업에 꼭 참석하기 바랍니 다! * 수업 중 촬영, 녹화 등 강의자료 무단 복제 및 배포를 엄격하게 금지합니다. 사전 동의없이 강의 컨텐츠(강의, pdf파일)를 녹화하고 배포/공유하는 행위는 교수자의 저작권과 초상권, 유물 소장 기관의 저작권을 침해하는 현행법 위반 행위입니다. 수강생은 유의하기 바랍니다."
인권과인간존엄성,교양,"(Cours e Des cription & Objectives ) ""한때 네가 사랑했던 어떤 것들은 영원히 너의 것이 된다. 네가 그것들을 떠나보낸다 해도 그것들은 원을 그리며 너에게 돌아온다. 그것들은 너 자신의 일부가 된다."" - 엘런 긴즈버그 (Allen Ginsberg, 1926년 ~ 1997년) ""어떤 것들"" - * 우리들의 수업, ""인권과 인간 존엄성""은 단순히 사회적 통념에 갇힌 이론과 사회적 가치를 기계적으로 반복하거나 암묵적으로 추종하는 것이 아니라, 기존의 것과는 다르게 생각하고 주체적으로 검토하는 사고의 방식을 배양하는 것을 목표로 삼는다. <인권과 인간 존엄성>은 다른 생각, 다른 문화, 새로운 매체와 기술의 발전에 의해 형성된 삶의 환경의 변화가 우리가 기존에 가지고 있던 생각과 가치관에 어떤 도전을 끼치는지 비판적으로 검토한다. 이를 통해 '참된 인권'이란, 우리와 다르고 이질적인 것 (차이 혹은 타자)과의 만남을 통해 촉발되며 그러한 만남에 열린 자세로 임할 때라야만 우리는 참되게 변화하고 발전할 수 있다는 사실을 확인할 수 있다. 25. 11. 26. 오후 3:23 wis.hufs.ac.kr/src08/jsp/lecture/syllabus.jsp?mode=print&ledg_year=2025&ledg_sessn=3&org_sect=A&lssn_cd=Y21153201 https://wis.hufs.ac.kr/src08/jsp/lecture/syllabus.jsp?mode=print&ledg_year=2025&ledg_sessn=3&org_sect=A&lssn_cd=Y21153201 1/6 그리하여 '참된 비판'이란 '언어를 빼앗긴 것들의 진정한 언어가 되어줄 수 있어야'하는 사명의 중요성을 터득할 수 있을 것이다.",10,10,(Teaching M ethods ) - 중간고사와 기말고사 주를 제외한 12주 동안에 모두 4개의 주제에 대해 사유한다.,") *중간 고사 대체 에세이, 보고서 : 1. 23년 ""이상문학상"" 대상 수상작, 최진영의 ""홈 스위트 홈"" 13주까지 에세이를 제출함. (분량: A4 1쪽 이내) 2. 교수자는 개인별 주제 에세이에 대한 평가를 통해 수강생들의 학습 성과를 평가함."
추리논증,교양,"(Cours e Des cription & Objectives ) <추리논증>수업은 제목 그대로 법학전문대학원 진학을 위한 시험인 법학적성시험(LEET) 과목 중 추리논증 과목에 대한 대비를 하는 수업입니다. 여러분들은 저와 같이 추리논증에 필요한 이론적인 내용을 같이 학습하고 숙지한 뒤 한정된 시간 에 적성시험 문제에 익숙해지는 훈련을 함으로써 적성시험에 익숙해지는 과정을 경험할 것이며, 기존에 추리논증 시험을 준비하시는 학생분들의 경우에는 적성시험에 대한 성적 향상을, 대학교 에 막 입학한 저학년 학생분들에게는 적성시험에 필요한 능력을 어떻게 함양하는지를 파악하게 될 것입니다.",0,10,(Teaching M ethods ) . 강의 . 연습문제 실전 실습 25. 11. 26. 오후 3:17 wis.hufs.ac.kr/src08/jsp/lecture/syllabus.jsp?mode=print&ledg_year=2025&ledg_sessn=3&org_sect=A&lssn_cd=Y21163201 https://wis.hufs.ac.kr/src08/jsp/lecture/syllabus.jsp?mode=print&ledg_year=2025&ledg_sessn=3&org_sect=A&lssn_cd=Y21163201 1/4,") 첫 수업 때, 중요한 내용을 다룹니다. 수강하신 학생 분들 또는 강의를 들을 예정이신 분들 모두 꼭 참석하실 것을 권합니다. 중간고사 이전에 추리논증 수업 때 필요한 중요 논리학 연습을 할 것 입니다. 가급적이면 결석을 하지 않으실 것을 권합니다(자세하게 설명할 예정이나, 혹 결석하여 강의를 미처 못 들으신 학생 분들은 강의 내용 숙지가 어려우실 수 있습니다)."
윤리적사고와문제해결,교양,"(Cours e Des cription & Objectives ) <윤리적 사고와 문제 해결>은 윤리(도덕) 이론의 기본/기초가 되는 개념을 소개하고 그 이해를 돕는다. 나아가 윤리 문제 진단과 해결 방식의 연습을 제공하여 그와 관련된 이해를 돕는다. '25년 가을 학기에 소개하는 윤리(도덕) 개념과 이론에는 윤리 상대주의, 계약이론 (홉스), 덕윤리 (플라톤), 공리주의 (밀), 의무주의 (칸트) 가 포함된다. 이는 윤리(도덕) 원칙의 확인 내지는 재확 인을 목표로 한다. ?미국 랜드마크 판례와 한국 판례를 살펴 윤리 문제의 진단과 해결 방식의 연습을 도모한다. 이 와 같은 연습은 궁극적으로는 수강생 스스로 새롭게 대두될 수 있는 윤리 문제의 파악 및 해결할 수 있도록 돕는 것을 목표로 한다.",30,20,"(Teaching M ethods ) 강의, 팀 프로젝트 토론, 발표 ?이문캠, 글캠 교차 수업",") ?과제는 중간 길이 에세이 작성으로 총 4회 계획 중 입니다. 이 중 3회는 이클래스 <온라인강의> 영화 시청 후 제출할 수 있습니다. ?기타 (발표 및 토론, 프로젝트, 수업 참여도 등)은 팀 프로젝트 참여 5%, 팀 발표 15%입니다. 제공 예정인 팀 발표, 토론 가이드를 참조하시기 바랍니다."
법과언어,교양,"(Cours e Des cription & Objectives ) 법은 문자로 기록되어서 그 효력을 지니고, 말로 발화되어서 집행된다. 즉, 언어는 법의 구현에 사 용되는 필수적 도구라고 말할 수 있다. 이러한 도구로서 뿐만 아니라 법은 여러 측면에서 언어와 밀접한 연관을 갖는다. 본 강좌에서는 언어의 관점에서 법의 다양한 영역들을 관찰해 본다. 구체적으로는 법조문/판결문 등의 법률 문서에서 나타나는 언어의 문제, 법정에서 일어나는 법정신문/위증죄, 언어가 그 증거 로 사용되는 다양한 언어 범죄들, 상표/표절 등의 지식재산, 그리고 메시지/문서의 작성자 판별, 범인의 목소리 판별 등을 사례 중심으로 살펴본다. 이를 통해 법 관련 현상들에 대한 보다 깊은 이 해를 얻을 수 있다.",40,0,(Teaching M ethods ) 담당교수의 강의. (* 교재내용을 토대로 구성한 자료를 매주 강의전에 eClass에 업로드 예정),) * 생리공결은 강의전날 또는 당일 강의시작전까지 메일 또는 문자로 담당교수에게 알리거나 결석 계를 제출한 학생만 인정합니다. 결석계는 email로 보내주세요. 강의 이후부터는 불인정.
논리학입문,교양,"(Cours e Des cription & Objectives ) <Introduction to Logic> aims to cultivate fundamental skills in a logic system. It allows students to prepare for the LSAT, PSAT, and LEET. ?<논리학 입문>의 목표는 현대 논리학의 소개, 정리 그리고 논리학의 실생활 응용을 위한 기초 능력 배양이다. ?<Reasoning & Argumentation>, its sister course, helps students to exercise the skills for LSAT, PSAT, and LEET.",20,10,(Teaching M ethods ) ?Lectures & exercises ?In-class group discussions,)
미네르바인성교육,교양,"(Cours e Des cription & Objectives ) 본 과목은 외대생을 위한 인성교육 수업으로 인성 개념 및 특징, 인성교육의 다양한 이론과 방법 등 두 측면에서 살펴보고자 한다. 오늘날 시대에 필요로 하는 인성과 실력을 겸비한 우수한 인재 를 양성하며 시민성과 세계시민성을 동시에 겸비한 국제적인 인재가 필요로 하는 인성을 함양하 는 것을 그 목표로 한다. 또한 미네르바 인성교육은 본교의 자주적이고 국제적이며 독창적인 세게 시민이 갖추어야 하는 인성 덕목을 학습하며 참된 인성을 함양하는데 목표를 두고자 한다. 자기자 신에 대한 이해와 더불어 한국 시민으로, 그리고 세계시민으로서의 인성과 연관된 다양한 이론과 실천 활동을 통하여 학생들의 인성을 발전시키고자 한다.",10,10,"(Teaching M ethods ) 교과-비교과의 융합교육 프로그램으로 구성됨. 각종 토론 및 체험활동을 병행하도록 함 숲체험, 자연휴양림 체험 및 역사관, 박물관, 미술 체험 등 병행. 수업운영은 주로 강의와 설명, 그리고 대화식 수업을 지향한다. 25. 11. 26. 오후 3:24 wis.hufs.ac.kr/src08/jsp/lecture/syllabus.jsp?mode=print&ledg_year=2025&ledg_sessn=3&org_sect=A&lssn_cd=Y51219202 https://wis.hufs.ac.kr/src08/jsp/lecture/syllabus.jsp?mode=print&ledg_year=2025&ledg_sessn=3&org_sect=A&lssn_cd=Y51219202 1/4",") * 성적 평가는 상대평가를 원칙으로 하며, 각종 시험과 출석, 과제, 기타 활동을 종합평가함. (출 석 매우 중시함) * 개강 후 경우에 따라 수업을 e-Class를 활용한 비대면수업(동영상수업)으로 진행할 수도 있습 니다. (녹화 동영상 방식) * 정상적으로 수업에 참여할 수 있는 경우에만 수강 신청을 부탁합니다. * 본 수업은 출석을 매우 중시하며 총 4회 이상 결석자는 성적을 부여하지 않음. * 학교에서 인정하는 유고결석계 외에 기타 결석계는 받지 않음. * 교실 출석이 어려운 경우는 수업을 듣지 마시고 다른 수업으로 옮겨주세요 (성적 부여되지 않 음)"
북유럽문화의이해,교양,"(Cours e Des cription & Objectives ) 뜻밖에도 북유럽을 대상으로 전개되고 있는 지역연구는 문화적 접근 방식을 취하는 경우가 많습 니다. 하지만 이것은 문화연구라는 대안적 방법론에 대한 필요성을 수긍해서라기보다는 지역연구 에 대한 체계가 갖추어지지 못한 것에서 비롯된 현상입니다. 즉, 북유럽 연구는 지역연구에 대한 기본적 고민조차 결여된 상황에서 해당 지역에 대한 인상을 그저 망라하는 데 그치고 있는 실정입 니다. 이에 본 강좌에서는 지역연구와 문화연구의 학술적 입론을 시도합니다. 이를 통해 북유럽 지역연구의 기초적 전략을 마련하는 것은 물론이고, 미시사적 발굴과 문화연구적 비판이 지역연 구에 기여하는 방식을 이해할 수 있는 계기가 마련될 것입니다.",0,10,"(Teaching M ethods ) 주로 강의로 진행되지만, 추가 논의가 필요한 안건이 있으면 발표 및 토론 수업이 병행됩니다.",)
모의창업기획및실습,교양,"(Cours e Des cription & Objectives ) 스타트업(창업)에 필요한 기업가 정신(Entrepreneurship) 함양 및 창의적 디자인 사고(디자인씽 킹), 사업 아이디어 발굴방법, 린 스타트업 창업방법론 (린 캔버스, 고객개발, 비즈니스모델캔버 스), 스타트업 실용마케팅, 스타트업 마케팅 프로세스, 디지털 마케팅 전략 및 기법, 사업계획서 작성 및 발표방법 등 다양하고 체계적인 창업관련 콘텐츠를 사례와 함께 학습하고, 팀(조)별 실습 (온라인 병행)을 통해 재학중 혹은 졸업 후 스타트업(창업)을 고려하고있는 예비창업자 학생들의 스타트업(창업) 성공 가능성을 높일 수 있는 기본 자질을 갖추도록 한다. Random 혹은 자율적 팀 빌딩을 통해, 구성원간 자율적으로 팀내 역할을 분담하고 아이디어(브레 인스토밍 방법등 할용)를 발굴하여 스타트업(창업) 사업계획서에 필요한 내용들을 직접 작성하고 토론해 봄으로써(온라인 토론 병행) 학생들 스스로 문제점을 찾아내고 해결하는 것을 학습함과 동시에 본 강좌 수강 중 혹은 수강 후 학내 창업동아리 선발 및 창업경진대회(지자체 주관 포함) 에도 참여하여 실전 감각을 익힐 수 있도록 한다. 이를 바탕으로 창업진흥원 주관 생애최초 청년 창업 지원사업 혹은 예비창업패키지에 도전할 수 있는 기회도 학생들의 역량수준에 따라 가능하 다. 또한 창업뿐 아니라 취업을 고려하고 있는 학생들은 취업과정에서 입사 예정기업에 필요한 신 규사업계획서(프로젝트계획서)를 본 강좌를 통해 경험해 봄으로써 입사 성공율을 제고하고, 입사 후에도 사내 프로세스 개선 및 신규사업기획에 필요한 신규사업창출 마인드 함양 및 창의적 사고 내재화를 꾀할 수 있도록 한다. [참조] 수강생의 창업강좌 수강 능력 평가에 따라 강좌 운영은 변경될 수 있음.",10,20,"(Teaching M ethods ) - 팀빌딩을 통한 팀(조)별 토론/과제 작성(온라인으로 진행)을 해야 하므로 적극적인 수업 참여가 매우 중요합니다. - 각 팀(조)장은(이른 학번 학생 혹은 팀 내부에서 선정), 과제 수행을 위한 리딩 역할 수행 -> 팀 장에게 별도의 보상 가점(+5점) 부여 (팀별 과제 과다로 인한 학생들의 개인별 고충을 반영하여, 팀별 과제는 중간고사 대체과제물 1회 만 실시 예정) - 중간시험 대체과제물(35%), 기말고사 대체과제물(35%), 미니퀴즈 2회(각 10%, 합 20%), 과제 물 2개 각 5%(총 10%) 합계 : 100% - 70점이상 Pass - 4회이상 결석시 Fail 처리됩니다(결석 근거서류 제출시 출석 반영).",") - 문의사항 있을시, 이메일 (ksyeon@hufs.ac.kr) 혹은 문자 (010-9005-3071)로 연락바랍니다."
사회적기업,교양,"(Cours e Des cription & Objectives ) 과목개요 본과목은 글로벌 사회에서 발생하는 다양한 사회문제에 대해 창의적이고 효과적인 비전과 솔루션 을 제시 할 수 있는 혁신적 창업가,기업가로서의 역량을 함양 하도록 한다, 사회적 목적과 경제원리, 혁신성에 기반한 사회적 가치실현을 위한 소셜벤체에 대한 이해를 기본 으로 한다. 그리고 소셜벤처 사례연구를 통해 사회문제를 해결하기 위한 아이디어를 발굴하고, 혁신적인 아 이디어를 통한 비즈니스 모델을 개발을 제시할 수 있는 글로벌 시대에 융복합적 인재로 성장하기 위한 준비를 하는데 도움을 주는 역할을 한다, 사회적경제를 이해하고 사회적경제의 정체성을 구성하는 주요 특성들을 이해,설명할 수 있다 소셜 벤처에 대한 이해를 바탕으로 분석틀에 근거한 다양한 소셜벤처들에 대한 사례분석을 할 수 있다. 사회적 기업에 대한 이해를 바탕으로 실무적 역량을 갖추고 사회문제를 해결하는 소셜벤처창업전 략 아이디어를 제시할 수 있다.",0,20,"(Teaching M ethods ) 강의식, 토론식,팀학습,세미나식 ,PBL 외부특강초청 팀별 토론 및 발표 . 개별 보고서 발표 외부전문가 초청 : 특강",) 중간 고사 와 기말고사 는 없습니다 = 레포트로 대체 합니다 성적은 보고서와 출석 체크 만 잘 되면 F/ P 로 이수 합니다
현대중동사회의변화와문화탐색,교양,"(Cours e Des cription & Objectives ) 교과목 개요 본 수업은 아직은 생소하지만, 미디어를 통해 자주 접하는 중동지역을 좀 더 제대로 이해하기 위 한 발판을 제공합니다. 중동지역에서 제작된 도서, 영화, 드라마, 음악 등 다양한 콘텐츠를 활용하여 학생들이 흥미롭게 아랍 사회와 문화를 접할 수 있는 수업이 될 것입니다. 이 수업은 현대중동사회를 다루기 때문에, 필요에 따라 지역 역사와 이슬람 문화에 대한 추가 설 명이 이루어질 예정입니다. 학습목표 - 중동사회를 다양한 방면에서 학습하고 그들의 사회와 문화에 대한 이해의 폭을 넓힌다. - 학생 개인이 가지고 있던 중동지 사회에 대한 고정관념에서 조금이나마 눈을 돌릴 수 있게 돕는 다. - 학생들이 평소에 의문을 가지고 있던 중동지역에 대한 내용을 주체적으로 연구하고 강사와의 질의응답 시간을 활용하여 주체적인 문제 해결 능력을 키운다.",20,0,"(Teaching M ethods ) 본 수업은 강사가 준비한 학습자료와 미디어 자료를 바탕으로 한 강의를 중심으로 진행된다. 매주 수업을 마무리하기 전 학생들의 관심사를 취합하여 질의응답 형식으로 진행하되, 필요에 따 라서 학생들 간 간단한 논의를 할 수 있는 시간을 마련한다.",") - 강의 계획서에 기재된 강의 내용은 강의 시작 이전에 수정될 수 있습니다. - 유고 결석계는 유고 사유가 끝난 날부터 7일 이내 증빙서류를 이메일로 보내거나 유고결석 다음 주 수업에서 서류로 제출해주세요. 사전 설명 없이 결석 관련 증빙 서류를 늦게 제출한 경우 유고 결석 인정되지 않습니다. - 생리 공결은 매학기 2회만 인정되며, 유고결석 신청서를 2회 이상 제출해도 최초 2회에 해당하 는 날짜만 인정합니다. - 출석확인 직후 강의자가 출석이 안된 경우를 확인할 때 확인하지 않고 강의자에게 알리지 않아 서 결석이 된 경우 출석 인정되지 않습니다. - 호흡기 질환이 의심되는 경우 가능한 수업 참여 시 마스크를 착용해주세요. - 수업 시간 중에는 가능한 핸드폰 사용을 자제해주기 바랍니다. 또한 수업 내용 필기가 아닌 기 타 목적의 전자기기 활용 또한 가능한 자제바랍니다. - 과제 제출 기한을 지키도록 합니다."
포스트소비에트지역문화의이해,교양,"(Cours e Des cription & Objectives ) 포스트소비에트(Post-Soviet) 국가란, 과거 소련(Soviet Union)을 구성했던 국가를 말한다. 1917 년 러시아에서 일어난 사회주의 혁명(10월 혁명) 이후부터 1991년 소련이 해체되기 전까지, 러시 아를 포함한 15개의 국가가 소련을 구성했다. 소련이 해체된 지 30여년이 지났지만, 여전히 포스 트소비에트 공간에서는 러시아어가 일상적으로 통용되고 있으며, 독특한 러시아 정교 사원을 쉽 게 찾아볼 수 있는데다, 15개 국가 출신의 디아스포라가 존재한다. 또한, 포스트소비에트 국가들 은 러시아의 근외(Near-abroad) 국가로, 소련 시기 이전부터 러시아와 역사적으로, 문화적으로 얽혀 왔다. 이 강의에서는 포스트소비에트 공간에서 여전히 유효한 러시아 문화를 살펴보고, 러시아제국의 영토 확장 역사를 통해 권역별, 즉, 동슬라브국가, 발트3국, 캅카스3국, 중앙아시아 5국으로 나눠 포스트소비에트 국가를 살펴본다. 이를 통해 포스트소비에트 국가들과 러시아와의 교류와 갈등을 이해한다.",15,15,"(Teaching M ethods ) 강의 위주, 주제별 다양한 영상/사진 자료 감상, 1강의당 1인 발표(희망자에 한해)",) 이들 국가의 역사와 문화에 대한 독서가 이루어질 것을 권고
이슬람문명,교양,"(Cours e Des cription & Objectives ) 이슬람은 세계적인 종교이기도 하지만, 19억명의 신자들이 많은 부분을 공유하는 거대한 하나의 문명이다. 본 강의는 이슬람이라는 종교의 세세한 부분을 신학적으로 분석하는 것 보다는 이슬람 을 공유하는 다양한 세계에서 펼쳐지는 현상과 그 구성원들을 이해하고, 우리가 이슬람 문명권과 소통하고 교류하는데 필요한 지식을 제공한다.",0,0,(Teaching M ethods ) 수업은 강의를 위주로 진행한다.,") 일부 강의계획은 수정될 수 있으며, 보다 상세한 강의계획서는 1"
스타트업비즈니스모델전략,전공,"(Cours e Des cription & Objectives ) 정보화시대를 거치며 새로운 기술문명의 시대가 열리고 있다. 2016년 스위스 다보스에서 열린 세 계경제포럼(WEF)에서 클라우스슈밥 회장은 4차산업혁명 시대가 오고 있음을 천명했다. 4차산업 혁명은 인공지능(AI), 사물인터넷(IoT), Cloud 컴퓨팅, 빅데이터 등의 디지털 기술과 유전공학과 생명공학기술, 스마트 의료와 나노 기술등의 생명과학기술이 활용되며, 드론, 3D 프린팅, 로봇, 신소재와 같은 물리학 기술등이 4차산업혁명의 핵심요소기술로 활용하게 된다. 4차산업혁명 요소 기술이 주도하는 디지털 경제에서 인터넷을 기반으로 하는 정보통신기술은 기업의 경영활동에 많 은 영향을 주고 있으며, 특히 차별화된 인터넷 비즈니스 모델의 도입과 활용은 기업간 경쟁우위요 소로 나타나기도 한다. 따라서 4차산업혁명시대 성공하는 기업이 되기 위해서는 작금의 디지털 경제흐름에 발맞춰 고객의 니즈에 적극 대응하는 인터넷 비즈니스 경영의 조직 전략과 실행이 절 실히 요구된다. 아울러 예비창업자들에게도 온라인 중개플랫폼등 인터넷 기반의 다양한 비즈니스 모델관련 창업아이템은 새로운 시장기회로 다가오고 있다. 이에 본 과목에서는 4차산업혁명시대 사회로 진출하는 학생들에게 인터넷 비즈니스 모델에 대한 전반적인 기본개념과 교수자의 풍부한 현장경험 실 사례, 그리고 최신 IT 트렌드 등을 폭넓게 강 의한다. 본 과목을 이수하면 학생들에게 디지털 경제에서 중요한 비중을 차지하는 인터넷 비즈니 스 모델 포함, Life Cycle(의식주) 및 Local Creator 관련 다양한 비즈니스 모델 지식습득 뿐 아니 라 학내 창업동아리, 지자체 창업경진대회, 정부지원사업등에 제출하는 사업계획서 작성등에 가 이드 역할이 될 것이며, 취업 및 창업에 많은 도움이 될 것이다. [참조] 수강생의 창업강좌 수강 능력 자체평가에 따라 강좌 운영 커리큘럼은 변경될 수 있음.",0,20,"(Teaching M ethods ) - 강의와 토론 중심으로 운영하며, 출석과 수업참여를 열심히 하면 이수할 수 있도록 운영 - 수업참여가 매우 중요합니다. 4회이상 결석시 Fail 처리됩니다. (결석 근거서류 제출시 반영) - 중간고사전, 기말고사전에 미니퀴즈(미니 레포트로 대체)를 각 1회, 총 2회(각 10점) 제출합니 다. - 70점이상 Pass",") 문의사항 있을시, 이메일 (ksyeon@hufs.ac.kr) 혹은 문자 (010-9005-3071)로 연락바랍니다."
창업실전전략및실무사례,교양,"(Cours e Des cription & Objectives ) 스타트업을 중심으로 한 창업에 대한 기초적인 역량 제고에 초점을 맞춰 비즈니스 현장 기반의 핵 심적인 실무 내용을 중심으로 학부생이 이해할 수 있도록 강의 진행 1. 스타트업 창업과 관리를 위한 포괄적 지식습득 및 기업 운영에 대한 전반적인 이해도 향상 2. 스타트업의 각 부문별 기능과 역할, 프로세스에 대한 학습은 물론 추후 비즈니스 현장에서 바 로 활용할 수 있는 응용 역량과 실무적인 통찰력 제고 3. 국내,외 업계동향 및 다양한 사례 분석을 통한 스타트업 창업과 비즈니스 마인드 함양 4. 창업가적 사고방식 함양 및 스타트업 창업과 관리에 대한 기초 역량 구축과 창업에 대한 관심, 도전의욕 고취 5. 실제 창업에 도움이 될 다양한 현장 중심적 컨텐츠 학습을 통해 실전 역량의 향상 및 내재화 도 모",0,10,"(Teaching M ethods ) 1. 강의 교안 및 사례 리뷰 중심으로 진행하며 학생 제출 과제(2회)에 대한 평가 방식을 적용 2. 중간/기말고사는 제출 과제 결과물로 평가 중간고사 - 개인별 국내,외 창업 스타트업 분석 리포트 작성 / 제출 기말고사 - 조별 스타트업 비즈니스모델(BM) 구축, 운영전략 및 타겟고객 가치제안서(CVP), 비 즈니스 플라이 휠 작성 / 제출 3. 각 조 구성은 4~5명으로 구성 (다양한 전공 수강생 융합) * 강의 내용은 진행 중 일부 변경 가능성 있음 (진도 및 내용 난이도 고려)",)
