essay_id,topic,source,essay_text,word_count,score,grammar_errors
ETS_002,Smart Cars,ETS_Model,"The reading passage proposes that smart cars will provide benefits such as safety, environmental efficiency, and cost reduction. The lecturer, on the other hand, opposes these claims, arguing that the technology poses significant risks. First, the reading states that autonomous cars will eliminate human error and prevent accidents. The lecturer challenges this, pointing out that the software controlling these cars is prone to glitches and hacking. If a system fails or is compromised, it could result in accidents far more severe than those caused by human drivers. Next, the reading argues that smart cars are eco-friendly because they drive more efficiently. The lecturer counters this by suggesting that the convenience of self-driving cars will encourage more people to drive rather than use public transportation. This increase in the number of vehicles on the road will ultimately lead to higher overall pollution levels. Finally, the reading suggests that smart cars will be cheaper to maintain. The lecturer refutes this by highlighting the cost of the technology itself. The sensors and computing equipment required are extremely expensive to repair or replace, meaning that owning a smart car could be a greater financial burden than owning a traditional vehicle.",196,30,None
GEMINI_020,Autonomous Robots,Gemini_Generated,"The provided text and audio materials provide conflicting perspectives on the topic of Autonomous Robots. While the reading asserts that Autonomous Robots offers significant benefits or is scientifically valid, the lecturer disputes these claims, arguing that the evidence is flawed.
To start with, the reading suggests that Autonomous Robots is advantageous due to its efficiency. The lecturer, however, challenges the accuracy of this point. She argues that the reading overlooks a critical negative side effect. Specifically, the lecture mentions that recent studies have shown Autonomous Robots can actually lead to detrimental outcomes, directly contradicting the reading's optimism.
Next, the author of the reading claims that Autonomous Robots is superior to other alternatives available. The lecturer challenges this assertion by providing evidence that the comparison is unfair. He explains that under real-world conditions, alternative methods have proven to be more reliable. Thus, the unique advantages of Autonomous Robots highlighted in the text are not as significant as presented.
Finally, the reading argues that there is strong historical evidence supporting Autonomous Robots. The lecturer refutes this by stating that the historical records are often misinterpreted. She points out that new findings indicate that the previous understanding of Autonomous Robots was incorrect. Therefore, the lecture effectively undermines the reading's final argument regarding the validity of Autonomous Robots.",214,29,Low
GEMINI_003,Altruism,Gemini_Generated,"The lecture contradicts the reading passage's claim that the sentinel behavior of meerkats is an example of altruism. The reading argues that sentinels sacrifice their own safety and food for the group, but the lecturer offers a different explanation. To start with, regarding safety, the lecturer points out that the sentinel is actually the safest member of the group. By standing guard, it is the first to spot a predator and the first to escape into the burrow, while the foraging meerkats are more vulnerable. Second, the reading claims the sentinel goes hungry while guarding. The lecturer refutes this, noting that meerkats only stand guard after they have already eaten their fill. Thus, they do not sacrifice their nutrition for others. Third, the lecturer challenges the idea that this behavior is driven by selflessness. She explains that the alarm call causes the group to scatter, which creates chaos and distracts the predator. This increases the sentinel's own chance of survival, suggesting the act is selfish rather than altruistic.",168,28,Low
ETS_007,Cane Toads,ETS_Model,"The reading passage and the lecture provide conflicting perspectives on the topic of Cane Toads. While the reading asserts that Cane Toads offers significant benefits or is scientifically valid, the lecturer disputes these claims, arguing that the evidence is flawed.
First, the reading suggests that Cane Toads is advantageous due to its efficiency. The lecturer, however, casts doubt on this point. She argues that the reading overlooks a critical negative side effect. Specifically, the lecture mentions that recent studies have shown Cane Toads can actually lead to detrimental outcomes, directly contradicting the reading's optimism.
Next, the author of the reading claims that Cane Toads is superior to other alternatives available. The lecturer challenges this assertion by providing evidence that the comparison is unfair. He explains that under real-world conditions, alternative methods have proven to be more reliable. Thus, the unique advantages of Cane Toads highlighted in the text are not as significant as presented.
Finally, the reading argues that there is strong historical evidence supporting Cane Toads. The lecturer refutes this by stating that the historical records are often misinterpreted. She points out that new findings indicate that the previous understanding of Cane Toads was incorrect. Therefore, the lecture effectively undermines the reading's final argument regarding the validity of Cane Toads.",211,30,None
USER_009,Transient Lunar Phenomena,Student_Draft,"The reading passage and the lecture provide conflicting perspectives on the topic of Transient Lunar Phenomena. While the reading asserts that Transient Lunar Phenomena offers significant benefits or is scientifically valid, the lecturer disputes these claims, arguing that evidence is flawed. First, the reading suggests that Transient lunar Phenomena is advantageous due of its efficiency. The lecturer, however, casts doubt on this point. She argues that the reading overlooks a critical negative side effect. Specifically, lecture mentions that recent studies have shown Transient lunar Phenomena can actually lead to detrimental outcomes, directly contradicting the reading's optimism. Next, the author of the reading claims that Transient Lunar Phenomena is superior to other alternatives available. The lecturer challenges this assertion by providing evidence that the comparison is unfair. He explains that under real-world conditions, alternative methods have proven to be more reliable. Thus, the unique advantages of Transient Lunar Phenomena highlighted in the text are not as significant as presented. Finally, the reading argues that there is strong historical evidence supporting Transient Lunar Phenomena. The lecturer refutes this by stating that the historical records are often misinterpreted. She points out that new findings indicate that the previous understanding of Transient Lunar Phenomena was incorrect. Therefore, the lecture effectively undermines the reading's final argument regarding the validity of Transient Lunar Phenomena.",218,22,High
USER_001,Wave Farms,Student_Draft,"The reading passage states that using wave-energy facilities would have positive impacts. However, the listening passage refutes this statement by providing several counterexamples. To begin with, the writer asserts that the wave farm facilities are reliable power-generators. The reason is that the waves are quite constant and predictable, which makes it helpful to be documented and measured. Conversely, the speaker contradicts this assertion on saying that wave energy is not dependable. The wave energy facilities often have disruptions due to technical problems and the harsh marine environment. As they have several breakdowns and malfunctions, the amount of energy they can generate could fluctuate from time to time. Furthermore, the text claims that the wave farm is environmentally friendly. As it does not involve any kind of fossil fuel, it does not emit any pollutants into atmosphere. On top of that, there is no concern for the risk of ocean contamination. Also, the converters of the facilities do not leak harmful fuels. Hence, it does not do any harm to the environment. In contrast, the lecturer rebuts this claim by saying that the wave farm is not that eco-friendly. The converters, to fact, contain harmful chemicals such as lubricants, which are essential for allowing the joints of converters to move freely. If these harmful chemicals inside the converter leak, it would be lethal to the marine ecosystem. Moreover, the author argues that wave farms do not harm the natural landscape. The size of the converters is not large or conspicuous compared to wind or nuclear energy facilities. Because of their relatively small size, the converters are unnoticeable on the surface of the ocean. On the contrary, the lecturer challenges this argument by saying wave farms have negative visual impact. The converters are usually painted with bright colors so that they are detectable to shipping vessels. In addition, they tend to float on the water. This means that they can be easily spotted by tourists on beaches. In conclusion, while the passage contends that wave farms can be a positive technology, the professor refutes this contention on stating a few opposing examples.",350,23,High
GEMINI_012,Sima de los Huesos,Gemini_Generated,"The provided text and audio materials provide conflicting perspectives on the topic of Sima de los Huesos. While the reading asserts that Sima de los Huesos offers significant benefits or is scientifically valid, the lecturer disputes these claims, arguing that the evidence is flawed.
To start with, the reading suggests that Sima de los Huesos is advantageous due to its efficiency. The lecturer, however, challenges the accuracy of this point. She argues that the reading overlooks a critical negative side effect. Specifically, the lecture mentions that recent studies have shown Sima de los Huesos can actually lead to detrimental outcomes, directly contradicting the reading's optimism.
Next, the author of the reading claims that Sima de los Huesos is superior to other alternatives available. The lecturer challenges this assertion by providing evidence that the comparison is unfair. He explains that under real-world conditions, alternative methods have proven to be more reliable. Thus, the unique advantages of Sima de los Huesos highlighted in the text are not as significant as presented.
Finally, the reading argues that there is strong historical evidence supporting Sima de los Huesos. The lecturer refutes this by stating that the historical records are often misinterpreted. She points out that new findings indicate that the previous understanding of Sima de los Huesos was incorrect. Therefore, the lecture effectively undermines the reading's final argument regarding the validity of Sima de los Huesos.",232,28,Low
ETS_009,Transient Lunar Phenomena,ETS_Model,"The reading passage and the lecture provide conflicting perspectives on the topic of Transient Lunar Phenomena. While the reading asserts that Transient Lunar Phenomena offers significant benefits or is scientifically valid, the lecturer disputes these claims, arguing that the evidence is flawed.
First, the reading suggests that Transient Lunar Phenomena is advantageous due to its efficiency. The lecturer, however, casts doubt on this point. She argues that the reading overlooks a critical negative side effect. Specifically, the lecture mentions that recent studies have shown Transient Lunar Phenomena can actually lead to detrimental outcomes, directly contradicting the reading's optimism.
Next, the author of the reading claims that Transient Lunar Phenomena is superior to other alternatives available. The lecturer challenges this assertion by providing evidence that the comparison is unfair. He explains that under real-world conditions, alternative methods have proven to be more reliable. Thus, the unique advantages of Transient Lunar Phenomena highlighted in the text are not as significant as presented.
Finally, the reading argues that there is strong historical evidence supporting Transient Lunar Phenomena. The lecturer refutes this by stating that the historical records are often misinterpreted. She points out that new findings indicate that the previous understanding of Transient Lunar Phenomena was incorrect. Therefore, the lecture effectively undermines the reading's final argument regarding the validity of Transient Lunar Phenomena.",220,30,None
ETS_016,TLP (Transient Lunar Phenomena),ETS_Model,"The reading passage and the lecture provide conflicting perspectives on the topic of TLP (Transient Lunar Phenomena). While the reading asserts that TLP (Transient Lunar Phenomena) offers significant benefits or is scientifically valid, the lecturer disputes these claims, arguing that the evidence is flawed.
First, the reading suggests that TLP (Transient Lunar Phenomena) is advantageous due to its efficiency. The lecturer, however, casts doubt on this point. She argues that the reading overlooks a critical negative side effect. Specifically, the lecture mentions that recent studies have shown TLP (Transient Lunar Phenomena) can actually lead to detrimental outcomes, directly contradicting the reading's optimism.
Next, the author of the reading claims that TLP (Transient Lunar Phenomena) is superior to other alternatives available. The lecturer challenges this assertion by providing evidence that the comparison is unfair. He explains that under real-world conditions, alternative methods have proven to be more reliable. Thus, the unique advantages of TLP (Transient Lunar Phenomena) highlighted in the text are not as significant as presented.
Finally, the reading argues that there is strong historical evidence supporting TLP (Transient Lunar Phenomena). The lecturer refutes this by stating that the historical records are often misinterpreted. She points out that new findings indicate that the previous understanding of TLP (Transient Lunar Phenomena) was incorrect. Therefore, the lecture effectively undermines the reading's final argument regarding the validity of TLP (Transient Lunar Phenomena).",229,30,None
USER_004,Online Encyclopedia,Student_Draft,"The reading and the lecture present conflicting views on online communal encyclopedias. The reading supports them for being democratic, comprehensive, and current, while lecturer criticizes their reliability. First, the lecturer argues that the democratic nature of these sites leads to inaccuracy. Since anyone can edit the entries, users with no expertise can insert false information or vandalize pages, undermining the encyclopedia's credibility. Second, regarding comprehensiveness, the lecturer notes that these platforms are biased towards popular culture. Trivial topics are covered for great detail, while serious academic subjects are often neglected or described superficially. Third, the reading praises the ability to make instant updates. The lecturer, however, points out that this also allows errors to remain online until someone notices them. Unlike printed encyclopedias, which undergo rigorous fact-checking, online versions can spread misinformation quickly.",133,22,High
GEMINI_009,Transient Lunar Phenomena,Gemini_Generated,"The provided text and audio materials provide conflicting perspectives on the topic of Transient Lunar Phenomena. While the reading asserts that Transient Lunar Phenomena offers significant benefits or is scientifically valid, the lecturer disputes these claims, arguing that the evidence is flawed.
To start with, the reading suggests that Transient Lunar Phenomena is advantageous due to its efficiency. The lecturer, however, challenges the accuracy of this point. She argues that the reading overlooks a critical negative side effect. Specifically, the lecture mentions that recent studies have shown Transient Lunar Phenomena can actually lead to detrimental outcomes, directly contradicting the reading's optimism.
Next, the author of the reading claims that Transient Lunar Phenomena is superior to other alternatives available. The lecturer challenges this assertion by providing evidence that the comparison is unfair. He explains that under real-world conditions, alternative methods have proven to be more reliable. Thus, the unique advantages of Transient Lunar Phenomena highlighted in the text are not as significant as presented.
Finally, the reading argues that there is strong historical evidence supporting Transient Lunar Phenomena. The lecturer refutes this by stating that the historical records are often misinterpreted. She points out that new findings indicate that the previous understanding of Transient Lunar Phenomena was incorrect. Therefore, the lecture effectively undermines the reading's final argument regarding the validity of Transient Lunar Phenomena.",223,28,Low
GEMINI_014,Agnostids,Gemini_Generated,"The provided text and audio materials provide conflicting perspectives on the topic of Agnostids. While the reading asserts that Agnostids offers significant benefits or is scientifically valid, the lecturer disputes these claims, arguing that the evidence is flawed.
To start with, the reading suggests that Agnostids is advantageous due to its efficiency. The lecturer, however, challenges the accuracy of this point. She argues that the reading overlooks a critical negative side effect. Specifically, the lecture mentions that recent studies have shown Agnostids can actually lead to detrimental outcomes, directly contradicting the reading's optimism.
Next, the author of the reading claims that Agnostids is superior to other alternatives available. The lecturer challenges this assertion by providing evidence that the comparison is unfair. He explains that under real-world conditions, alternative methods have proven to be more reliable. Thus, the unique advantages of Agnostids highlighted in the text are not as significant as presented.
Finally, the reading argues that there is strong historical evidence supporting Agnostids. The lecturer refutes this by stating that the historical records are often misinterpreted. She points out that new findings indicate that the previous understanding of Agnostids was incorrect. Therefore, the lecture effectively undermines the reading's final argument regarding the validity of Agnostids.",205,27,Low
GEMINI_005,Chevalier Memoirs,Gemini_Generated,"The reading and the lecture discuss the accuracy of the Chevalier de Seingalt's memoirs. The reading claims they are historically accurate, but the lecturer argues that the Chevalier invented many details to enhance his image. To start with, the lecturer challenges the claim that the memoirs capture the true spirit of the time. She notes that the Chevalier wrote the book long after the events occurred. Therefore, he likely relied on his imagination to fill in gaps in his memory, compromising the historical accuracy. Second, the lecturer refutes the idea that his described wealth was real. In reality, the Chevalier was often poor and borrowed money. He exaggerated his financial status in the memoirs to appear more successful than he actually was. Third, regarding his famous prison escape, the lecturer suggests it was impossible as described. Historical records of the prison ceiling show it was repaired much later, implying he could not have broken through it. It is more likely that he bribed his way out.",166,27,Low
GEMINI_019,Cloud Seeding,Gemini_Generated,"The provided text and audio materials provide conflicting perspectives on the topic of Cloud Seeding. While the reading asserts that Cloud Seeding offers significant benefits or is scientifically valid, the lecturer disputes these claims, arguing that the evidence is flawed.
To start with, the reading suggests that Cloud Seeding is advantageous due to its efficiency. The lecturer, however, challenges the accuracy of this point. She argues that the reading overlooks a critical negative side effect. Specifically, the lecture mentions that recent studies have shown Cloud Seeding can actually lead to detrimental outcomes, directly contradicting the reading's optimism.
Next, the author of the reading claims that Cloud Seeding is superior to other alternatives available. The lecturer challenges this assertion by providing evidence that the comparison is unfair. He explains that under real-world conditions, alternative methods have proven to be more reliable. Thus, the unique advantages of Cloud Seeding highlighted in the text are not as significant as presented.
Finally, the reading argues that there is strong historical evidence supporting Cloud Seeding. The lecturer refutes this by stating that the historical records are often misinterpreted. She points out that new findings indicate that the previous understanding of Cloud Seeding was incorrect. Therefore, the lecture effectively undermines the reading's final argument regarding the validity of Cloud Seeding.",214,27,Low
GEMINI_011,Torreya Taxifolia,Gemini_Generated,"The provided text and audio materials provide conflicting perspectives on the topic of Torreya Taxifolia. While the reading asserts that Torreya Taxifolia offers significant benefits or is scientifically valid, the lecturer disputes these claims, arguing that the evidence is flawed.
To start with, the reading suggests that Torreya Taxifolia is advantageous due to its efficiency. The lecturer, however, challenges the accuracy of this point. She argues that the reading overlooks a critical negative side effect. Specifically, the lecture mentions that recent studies have shown Torreya Taxifolia can actually lead to detrimental outcomes, directly contradicting the reading's optimism.
Next, the author of the reading claims that Torreya Taxifolia is superior to other alternatives available. The lecturer challenges this assertion by providing evidence that the comparison is unfair. He explains that under real-world conditions, alternative methods have proven to be more reliable. Thus, the unique advantages of Torreya Taxifolia highlighted in the text are not as significant as presented.
Finally, the reading argues that there is strong historical evidence supporting Torreya Taxifolia. The lecturer refutes this by stating that the historical records are often misinterpreted. She points out that new findings indicate that the previous understanding of Torreya Taxifolia was incorrect. Therefore, the lecture effectively undermines the reading's final argument regarding the validity of Torreya Taxifolia.",214,27,Low
GEMINI_013,Chaco Canyon,Gemini_Generated,"The provided text and audio materials provide conflicting perspectives on the topic of Chaco Canyon. While the reading asserts that Chaco Canyon offers significant benefits or is scientifically valid, the lecturer disputes these claims, arguing that the evidence is flawed.
To start with, the reading suggests that Chaco Canyon is advantageous due to its efficiency. The lecturer, however, challenges the accuracy of this point. She argues that the reading overlooks a critical negative side effect. Specifically, the lecture mentions that recent studies have shown Chaco Canyon can actually lead to detrimental outcomes, directly contradicting the reading's optimism.
Next, the author of the reading claims that Chaco Canyon is superior to other alternatives available. The lecturer challenges this assertion by providing evidence that the comparison is unfair. He explains that under real-world conditions, alternative methods have proven to be more reliable. Thus, the unique advantages of Chaco Canyon highlighted in the text are not as significant as presented.
Finally, the reading argues that there is strong historical evidence supporting Chaco Canyon. The lecturer refutes this by stating that the historical records are often misinterpreted. She points out that new findings indicate that the previous understanding of Chaco Canyon was incorrect. Therefore, the lecture effectively undermines the reading's final argument regarding the validity of Chaco Canyon.",214,29,Low
USER_013,Chaco Canyon,Student_Draft,"The reading passage and the lecture provide conflicting perspectives on the topic of Chaco Canyon. While the reading asserts that Chaco Canyon offers significant benefits or is scientifically valid, the lecturer disputes these claims, arguing that the evidence is flawed. First, the reading suggests that Chaco Canyon is advantageous due to its efficiency. The lecturer, however, casts doubt to this point. She argues that the reading overlooks a critical negative side effect. Specifically, the lecture mentions that recent studies have shown Chaco Canyon can actually lead to detrimental outcomes, directly contradicting the reading's optimism. Next, the author of the reading claims that Chaco Canyon is superior to other alternatives available. The lecturer challenges this assertion by providing evidence that the comparison is unfair. He explains that under real-world conditions, alternative methods have proven to be more reliable. Thus, the unique advantages of chaco Canyon highlighted in the text are not as significant as presented. Finally, reading argues that there is strong historical evidence supporting Chaco Canyon. The lecturer refutes this by stating that the historical records are often misinterpreted. She points out that new findings indicate that the previous understanding of Chaco Canyon was incorrect. Therefore, the lecture effectively undermines the reading's final argument regarding the validity by Chaco Canyon.",210,21,High
ETS_020,Autonomous Robots,ETS_Model,"The reading passage and the lecture provide conflicting perspectives on the topic of Autonomous Robots. While the reading asserts that Autonomous Robots offers significant benefits or is scientifically valid, the lecturer disputes these claims, arguing that the evidence is flawed.
First, the reading suggests that Autonomous Robots is advantageous due to its efficiency. The lecturer, however, casts doubt on this point. She argues that the reading overlooks a critical negative side effect. Specifically, the lecture mentions that recent studies have shown Autonomous Robots can actually lead to detrimental outcomes, directly contradicting the reading's optimism.
Next, the author of the reading claims that Autonomous Robots is superior to other alternatives available. The lecturer challenges this assertion by providing evidence that the comparison is unfair. He explains that under real-world conditions, alternative methods have proven to be more reliable. Thus, the unique advantages of Autonomous Robots highlighted in the text are not as significant as presented.
Finally, the reading argues that there is strong historical evidence supporting Autonomous Robots. The lecturer refutes this by stating that the historical records are often misinterpreted. She points out that new findings indicate that the previous understanding of Autonomous Robots was incorrect. Therefore, the lecture effectively undermines the reading's final argument regarding the validity of Autonomous Robots.",211,30,None
USER_005,Chevalier Memoirs,Student_Draft,"reading and the lecture discuss the accuracy of the Chevalier de Seingalt's memoirs. The reading claims they are historically accurate, but the lecturer argues that the chevalier invented many details to enhance his image. First, the lecturer challenges the claim that the memoirs capture the true spirit of the time. She notes that the Chevalier wrote the book long after the events occurred. Therefore, he likely relied on his imagination to fill in gaps in his memory, compromising the historical accuracy. Second, the lecturer refutes the idea that his described wealth was real. In reality, the Chevalier was often poor and borrowed money. He exaggerated his financial status in the memoirs to appear more successful than he actually was. Third, regarding his famous prison escape, lecturer suggests it was impossible as described. Historical records of the prison ceiling show it was repaired much later, implying he could not have broken through it. It is more likely that he bribed his way out.",162,21,High
USER_015,The Little Ice Age,Student_Draft,"reading passage and the lecture provide conflicting perspectives on the topic with The Little Ice Age. While the reading asserts that The Little Ice Age offers significant benefits or is scientifically valid, the lecturer disputes these claims, arguing that the evidence is flawed. First, the reading suggests that The Little Ice Age is advantageous due to its efficiency. The lecturer, however, casts doubt on this point. She argues that the reading overlooks a critical negative side effect. Specifically, the lecture mentions that recent studies have shown The little Ice Age can actually lead to detrimental outcomes, directly contradicting the reading's optimism. Next, the author of reading claims that The Little Ice Age is superior to other alternatives available. The lecturer challenges this assertion by providing evidence that comparison is unfair. He explains that under real-world conditions, alternative methods have proven to be more reliable. Thus, the unique advantages of The Little Ice Age highlighted in the text are not as significant as presented. Finally, the reading argues that there is strong historical evidence supporting The little Ice Age. The lecturer refutes this of stating that the historical records are often misinterpreted. She points out that new findings indicate that the previous understanding of The Little ice Age was incorrect. Therefore, the lecture effectively undermines the reading's final argument regarding the validity of The Little Ice Age.",226,21,High
ETS_001,Wave Farms,ETS_Model,"The reading passage states that using wave-energy facilities would have positive impacts. However, the listening passage refutes this statement by providing several counterexamples. To begin with, the writer asserts that the wave farm facilities are reliable power-generators. The reason is that the waves are quite constant and predictable, which makes it helpful to be documented and measured. Conversely, the speaker contradicts this assertion by saying that wave energy is not dependable. The wave energy facilities often have disruptions due to technical problems and the harsh marine environment. As they have several breakdowns and malfunctions, the amount of energy they can generate could fluctuate from time to time. Furthermore, the text claims that the wave farm is environmentally friendly. As it does not involve any kind of fossil fuel, it does not emit any pollutants into the atmosphere. On top of that, there is no concern for the risk of ocean contamination. Also, the converters of the facilities do not leak harmful fuels. Hence, it does not do any harm to the environment. In contrast, the lecturer rebuts this claim by saying that the wave farm is not that eco-friendly. The converters, in fact, contain harmful chemicals such as lubricants, which are essential for allowing the joints of the converters to move freely. If these harmful chemicals inside the converter leak, it would be lethal to the marine ecosystem. Moreover, the author argues that wave farms do not harm the natural landscape. The size of the converters is not large or conspicuous compared to wind or nuclear energy facilities. Because of their relatively small size, the converters are unnoticeable on the surface of the ocean. On the contrary, the lecturer challenges this argument by saying wave farms have a negative visual impact. The converters are usually painted with bright colors so that they are detectable to shipping vessels. In addition, they tend to float on the water. This means that they can be easily spotted by tourists on beaches. In conclusion, while the passage contends that wave farms can be a positive technology, the professor refutes this contention by stating a few opposing examples.",353,30,None
ETS_010,Sauropods,ETS_Model,"The reading passage and the lecture provide conflicting perspectives on the topic of Sauropods. While the reading asserts that Sauropods offers significant benefits or is scientifically valid, the lecturer disputes these claims, arguing that the evidence is flawed.
First, the reading suggests that Sauropods is advantageous due to its efficiency. The lecturer, however, casts doubt on this point. She argues that the reading overlooks a critical negative side effect. Specifically, the lecture mentions that recent studies have shown Sauropods can actually lead to detrimental outcomes, directly contradicting the reading's optimism.
Next, the author of the reading claims that Sauropods is superior to other alternatives available. The lecturer challenges this assertion by providing evidence that the comparison is unfair. He explains that under real-world conditions, alternative methods have proven to be more reliable. Thus, the unique advantages of Sauropods highlighted in the text are not as significant as presented.
Finally, the reading argues that there is strong historical evidence supporting Sauropods. The lecturer refutes this by stating that the historical records are often misinterpreted. She points out that new findings indicate that the previous understanding of Sauropods was incorrect. Therefore, the lecture effectively undermines the reading's final argument regarding the validity of Sauropods.",202,30,None
ETS_006,Roman Forts,ETS_Model,"The reading passage and the lecture provide conflicting perspectives on the topic of Roman Forts. While the reading asserts that Roman Forts offers significant benefits or is scientifically valid, the lecturer disputes these claims, arguing that the evidence is flawed.
First, the reading suggests that Roman Forts is advantageous due to its efficiency. The lecturer, however, casts doubt on this point. She argues that the reading overlooks a critical negative side effect. Specifically, the lecture mentions that recent studies have shown Roman Forts can actually lead to detrimental outcomes, directly contradicting the reading's optimism.
Next, the author of the reading claims that Roman Forts is superior to other alternatives available. The lecturer challenges this assertion by providing evidence that the comparison is unfair. He explains that under real-world conditions, alternative methods have proven to be more reliable. Thus, the unique advantages of Roman Forts highlighted in the text are not as significant as presented.
Finally, the reading argues that there is strong historical evidence supporting Roman Forts. The lecturer refutes this by stating that the historical records are often misinterpreted. She points out that new findings indicate that the previous understanding of Roman Forts was incorrect. Therefore, the lecture effectively undermines the reading's final argument regarding the validity of Roman Forts.",211,30,None
ETS_003,Altruism,ETS_Model,"The lecture contradicts the reading passage's claim that the sentinel behavior of meerkats is an example of altruism. The reading argues that sentinels sacrifice their own safety and food for the group, but the lecturer offers a different explanation. First, regarding safety, the lecturer points out that the sentinel is actually the safest member of the group. By standing guard, it is the first to spot a predator and the first to escape into the burrow, while the foraging meerkats are more vulnerable. Second, the reading claims the sentinel goes hungry while guarding. The lecturer refutes this, noting that meerkats only stand guard after they have already eaten their fill. Thus, they do not sacrifice their nutrition for others. Third, the lecturer challenges the idea that this behavior is driven by selflessness. She explains that the alarm call causes the group to scatter, which creates chaos and distracts the predator. This increases the sentinel's own chance of survival, suggesting the act is selfish rather than altruistic.",166,30,None
ETS_019,Cloud Seeding,ETS_Model,"The reading passage and the lecture provide conflicting perspectives on the topic of Cloud Seeding. While the reading asserts that Cloud Seeding offers significant benefits or is scientifically valid, the lecturer disputes these claims, arguing that the evidence is flawed.
First, the reading suggests that Cloud Seeding is advantageous due to its efficiency. The lecturer, however, casts doubt on this point. She argues that the reading overlooks a critical negative side effect. Specifically, the lecture mentions that recent studies have shown Cloud Seeding can actually lead to detrimental outcomes, directly contradicting the reading's optimism.
Next, the author of the reading claims that Cloud Seeding is superior to other alternatives available. The lecturer challenges this assertion by providing evidence that the comparison is unfair. He explains that under real-world conditions, alternative methods have proven to be more reliable. Thus, the unique advantages of Cloud Seeding highlighted in the text are not as significant as presented.
Finally, the reading argues that there is strong historical evidence supporting Cloud Seeding. The lecturer refutes this by stating that the historical records are often misinterpreted. She points out that new findings indicate that the previous understanding of Cloud Seeding was incorrect. Therefore, the lecture effectively undermines the reading's final argument regarding the validity of Cloud Seeding.",211,30,None
ETS_012,Sima de los Huesos,ETS_Model,"The reading passage and the lecture provide conflicting perspectives on the topic of Sima de los Huesos. While the reading asserts that Sima de los Huesos offers significant benefits or is scientifically valid, the lecturer disputes these claims, arguing that the evidence is flawed.
First, the reading suggests that Sima de los Huesos is advantageous due to its efficiency. The lecturer, however, casts doubt on this point. She argues that the reading overlooks a critical negative side effect. Specifically, the lecture mentions that recent studies have shown Sima de los Huesos can actually lead to detrimental outcomes, directly contradicting the reading's optimism.
Next, the author of the reading claims that Sima de los Huesos is superior to other alternatives available. The lecturer challenges this assertion by providing evidence that the comparison is unfair. He explains that under real-world conditions, alternative methods have proven to be more reliable. Thus, the unique advantages of Sima de los Huesos highlighted in the text are not as significant as presented.
Finally, the reading argues that there is strong historical evidence supporting Sima de los Huesos. The lecturer refutes this by stating that the historical records are often misinterpreted. She points out that new findings indicate that the previous understanding of Sima de los Huesos was incorrect. Therefore, the lecture effectively undermines the reading's final argument regarding the validity of Sima de los Huesos.",229,30,None
GEMINI_018,Beetle Infestation,Gemini_Generated,"The provided text and audio materials provide conflicting perspectives on the topic of Beetle Infestation. While the reading asserts that Beetle Infestation offers significant benefits or is scientifically valid, the lecturer disputes these claims, arguing that the evidence is flawed.
To start with, the reading suggests that Beetle Infestation is advantageous due to its efficiency. The lecturer, however, challenges the accuracy of this point. She argues that the reading overlooks a critical negative side effect. Specifically, the lecture mentions that recent studies have shown Beetle Infestation can actually lead to detrimental outcomes, directly contradicting the reading's optimism.
Next, the author of the reading claims that Beetle Infestation is superior to other alternatives available. The lecturer challenges this assertion by providing evidence that the comparison is unfair. He explains that under real-world conditions, alternative methods have proven to be more reliable. Thus, the unique advantages of Beetle Infestation highlighted in the text are not as significant as presented.
Finally, the reading argues that there is strong historical evidence supporting Beetle Infestation. The lecturer refutes this by stating that the historical records are often misinterpreted. She points out that new findings indicate that the previous understanding of Beetle Infestation was incorrect. Therefore, the lecture effectively undermines the reading's final argument regarding the validity of Beetle Infestation.",214,28,Low
GEMINI_004,Online Encyclopedia,Gemini_Generated,"The reading and the lecture present conflicting views on online communal encyclopedias. The reading supports them for being democratic, comprehensive, and current, while the lecturer criticizes their reliability. To start with, the lecturer argues that the democratic nature of these sites leads to inaccuracy. Since anyone can edit the entries, users with no expertise can insert false information or vandalize pages, undermining the encyclopedia's credibility. Second, regarding comprehensiveness, the lecturer notes that these platforms are biased towards popular culture. Trivial topics are covered in great detail, while serious academic subjects are often neglected or described superficially. Third, the reading praises the ability to make instant updates. The lecturer, however, points out that this also allows errors to remain online until someone notices them. Unlike printed encyclopedias, which undergo rigorous fact-checking, online versions can spread misinformation quickly.",136,27,Low
ETS_011,Torreya Taxifolia,ETS_Model,"The reading passage and the lecture provide conflicting perspectives on the topic of Torreya Taxifolia. While the reading asserts that Torreya Taxifolia offers significant benefits or is scientifically valid, the lecturer disputes these claims, arguing that the evidence is flawed.
First, the reading suggests that Torreya Taxifolia is advantageous due to its efficiency. The lecturer, however, casts doubt on this point. She argues that the reading overlooks a critical negative side effect. Specifically, the lecture mentions that recent studies have shown Torreya Taxifolia can actually lead to detrimental outcomes, directly contradicting the reading's optimism.
Next, the author of the reading claims that Torreya Taxifolia is superior to other alternatives available. The lecturer challenges this assertion by providing evidence that the comparison is unfair. He explains that under real-world conditions, alternative methods have proven to be more reliable. Thus, the unique advantages of Torreya Taxifolia highlighted in the text are not as significant as presented.
Finally, the reading argues that there is strong historical evidence supporting Torreya Taxifolia. The lecturer refutes this by stating that the historical records are often misinterpreted. She points out that new findings indicate that the previous understanding of Torreya Taxifolia was incorrect. Therefore, the lecture effectively undermines the reading's final argument regarding the validity of Torreya Taxifolia.",211,30,None
USER_016,TLP (Transient Lunar Phenomena),Student_Draft,"The reading passage and the lecture provide conflicting perspectives on the topic of TLP (Transient Lunar Phenomena). While the reading asserts that TLP (Transient Lunar Phenomena) offers significant benefits or is scientifically valid, the lecturer disputes these claims, arguing that the evidence is flawed. First, the reading suggests that tlp (Transient Lunar Phenomena) is advantageous due to its efficiency. The lecturer, however, casts doubt on this point. She argues that the reading overlooks a critical negative side effect. Specifically, the lecture mentions that recent studies have shown TLP (Transient Lunar Phenomena) can actually lead to detrimental outcomes, directly contradicting the reading's optimism. Next, the author of the reading claims that TLP (Transient Lunar phenomena) is superior to other alternatives available. The lecturer challenges this assertion by providing evidence that the comparison is unfair. He explains that under real-world conditions, alternative methods have proven to be more reliable. Thus, the unique advantages of TLP (Transient Lunar Phenomena) highlighted in the text are not as significant as presented. Finally, the reading argues that there is strong historical evidence supporting TLP (Transient Lunar Phenomena). lecturer refutes this by stating that the historical records are often misinterpreted. She points out that new findings indicate that the previous understanding of TLP (Transient Lunar Phenomena) was incorrect. Therefore, the lecture effectively undermines reading's final argument regarding the validity of TLP (Transient Lunar Phenomena).",227,20,High
USER_006,Roman Forts,Student_Draft,"The reading passage and the lecture provide conflicting perspectives on the topic of Roman Forts. while the reading asserts that Roman Forts offers significant benefits or is scientifically valid, the lecturer disputes these claims, arguing that the evidence is flawed. first, the reading suggests that Roman Forts is advantageous due on its efficiency. lecturer, however, casts doubt on this point. She argues that the reading overlooks a critical negative side effect. Specifically, the lecture mentions that recent studies have shown Roman forts can actually lead to detrimental outcomes, directly contradicting the reading's optimism. Next, the author of the reading claims that Roman Forts is superior to other alternatives available. The lecturer challenges this assertion by providing evidence that comparison is unfair. He explains that under real-world conditions, alternative methods have proven to be more reliable. Thus, the unique advantages of Roman Forts highlighted in the text are not as significant as presented. Finally, the reading argues that there is strong historical evidence supporting Roman Forts. lecturer refutes this by stating that the historical records are often misinterpreted. She points out that new findings indicate that the previous understanding of Roman Forts was incorrect. Therefore, the lecture effectively undermines the reading's final argument regarding the validity of Roman Forts.",208,19,High
GEMINI_010,Sauropods,Gemini_Generated,"The provided text and audio materials provide conflicting perspectives on the topic of Sauropods. While the reading asserts that Sauropods offers significant benefits or is scientifically valid, the lecturer disputes these claims, arguing that the evidence is flawed.
To start with, the reading suggests that Sauropods is advantageous due to its efficiency. The lecturer, however, challenges the accuracy of this point. She argues that the reading overlooks a critical negative side effect. Specifically, the lecture mentions that recent studies have shown Sauropods can actually lead to detrimental outcomes, directly contradicting the reading's optimism.
Next, the author of the reading claims that Sauropods is superior to other alternatives available. The lecturer challenges this assertion by providing evidence that the comparison is unfair. He explains that under real-world conditions, alternative methods have proven to be more reliable. Thus, the unique advantages of Sauropods highlighted in the text are not as significant as presented.
Finally, the reading argues that there is strong historical evidence supporting Sauropods. The lecturer refutes this by stating that the historical records are often misinterpreted. She points out that new findings indicate that the previous understanding of Sauropods was incorrect. Therefore, the lecture effectively undermines the reading's final argument regarding the validity of Sauropods.",205,27,Low
USER_018,Beetle Infestation,Student_Draft,"The reading passage and the lecture provide conflicting perspectives to the topic of Beetle Infestation. While the reading asserts that Beetle Infestation offers significant benefits or is scientifically valid, lecturer disputes these claims, arguing that the evidence is flawed. First, the reading suggests that Beetle Infestation is advantageous due to its efficiency. The lecturer, however, casts doubt on this point. She argues that the reading overlooks a critical negative side effect. Specifically, the lecture mentions that recent studies have shown Beetle Infestation can actually lead to detrimental outcomes, directly contradicting the reading's optimism. Next, the author of the reading claims that Beetle Infestation is superior to other alternatives available. The lecturer challenges this assertion by providing evidence that the comparison is unfair. He explains that under real-world conditions, alternative methods have proven to be more reliable. Thus, unique advantages of Beetle Infestation highlighted in the text are not as significant as presented. Finally, reading argues that there is strong historical evidence supporting Beetle Infestation. The lecturer refutes this with stating that the historical records are often misinterpreted. she points out that new findings indicate that the previous understanding of Beetle Infestation was incorrect. Therefore, the lecture effectively undermines the reading's final argument regarding the validity of Beetle Infestation.",208,23,High
GEMINI_016,TLP (Transient Lunar Phenomena),Gemini_Generated,"The provided text and audio materials provide conflicting perspectives on the topic of TLP (Transient Lunar Phenomena). While the reading asserts that TLP (Transient Lunar Phenomena) offers significant benefits or is scientifically valid, the lecturer disputes these claims, arguing that the evidence is flawed.
To start with, the reading suggests that TLP (Transient Lunar Phenomena) is advantageous due to its efficiency. The lecturer, however, challenges the accuracy of this point. She argues that the reading overlooks a critical negative side effect. Specifically, the lecture mentions that recent studies have shown TLP (Transient Lunar Phenomena) can actually lead to detrimental outcomes, directly contradicting the reading's optimism.
Next, the author of the reading claims that TLP (Transient Lunar Phenomena) is superior to other alternatives available. The lecturer challenges this assertion by providing evidence that the comparison is unfair. He explains that under real-world conditions, alternative methods have proven to be more reliable. Thus, the unique advantages of TLP (Transient Lunar Phenomena) highlighted in the text are not as significant as presented.
Finally, the reading argues that there is strong historical evidence supporting TLP (Transient Lunar Phenomena). The lecturer refutes this by stating that the historical records are often misinterpreted. She points out that new findings indicate that the previous understanding of TLP (Transient Lunar Phenomena) was incorrect. Therefore, the lecture effectively undermines the reading's final argument regarding the validity of TLP (Transient Lunar Phenomena).",232,28,Low
GEMINI_002,Smart Cars,Gemini_Generated,"The reading passage proposes that smart cars will provide benefits such as safety, environmental efficiency, and cost reduction. The lecturer, on the other hand, opposes these claims, arguing that the technology poses significant risks. To start with, the reading states that autonomous cars will eliminate human error and prevent accidents. The lecturer challenges this, pointing out that the software controlling these cars is prone to glitches and hacking. If a system fails or is compromised, it could result in accidents far more severe than those caused by human drivers. Next, the reading argues that smart cars are eco-friendly because they drive more efficiently. The lecturer counters this by suggesting that the convenience of self-driving cars will encourage more people to drive rather than use public transportation. This increase in the number of vehicles on the road will ultimately lead to higher overall pollution levels. Finally, the reading suggests that smart cars will be cheaper to maintain. The lecturer refutes this by highlighting the cost of the technology itself. The sensors and computing equipment required are extremely expensive to repair or replace, meaning that owning a smart car could be a greater financial burden than owning a traditional vehicle.",198,28,Low
GEMINI_017,Will-o'-the-wisp,Gemini_Generated,"The provided text and audio materials provide conflicting perspectives on the topic of Will-o'-the-wisp. While the reading asserts that Will-o'-the-wisp offers significant benefits or is scientifically valid, the lecturer disputes these claims, arguing that the evidence is flawed.
To start with, the reading suggests that Will-o'-the-wisp is advantageous due to its efficiency. The lecturer, however, challenges the accuracy of this point. She argues that the reading overlooks a critical negative side effect. Specifically, the lecture mentions that recent studies have shown Will-o'-the-wisp can actually lead to detrimental outcomes, directly contradicting the reading's optimism.
Next, the author of the reading claims that Will-o'-the-wisp is superior to other alternatives available. The lecturer challenges this assertion by providing evidence that the comparison is unfair. He explains that under real-world conditions, alternative methods have proven to be more reliable. Thus, the unique advantages of Will-o'-the-wisp highlighted in the text are not as significant as presented.
Finally, the reading argues that there is strong historical evidence supporting Will-o'-the-wisp. The lecturer refutes this by stating that the historical records are often misinterpreted. She points out that new findings indicate that the previous understanding of Will-o'-the-wisp was incorrect. Therefore, the lecture effectively undermines the reading's final argument regarding the validity of Will-o'-the-wisp.",205,27,Low
USER_019,Cloud Seeding,Student_Draft,"The reading passage and the lecture provide conflicting perspectives on topic of Cloud Seeding. While the reading asserts that Cloud Seeding offers significant benefits or is scientifically valid, the lecturer disputes these claims, arguing that the evidence is flawed. First, the reading suggests that Cloud Seeding is advantageous due to its efficiency. The lecturer, however, casts doubt on this point. She argues that the reading overlooks a critical negative side effect. Specifically, the lecture mentions that recent studies have shown Cloud Seeding can actually lead to detrimental outcomes, directly contradicting the reading's optimism. Next, the author of the reading claims that Cloud Seeding is superior to other alternatives available. The lecturer challenges this assertion by providing evidence that the comparison is unfair. He explains that under real-world conditions, alternative methods have proven to be more reliable. Thus, the unique advantages with Cloud Seeding highlighted in the text are not as significant as presented. Finally, reading argues that there is strong historical evidence supporting Cloud Seeding. The lecturer refutes this with stating that the historical records are often misinterpreted. She points out that new findings indicate that the previous understanding of Cloud Seeding was incorrect. Therefore, the lecture effectively undermines the reading's final argument regarding the validity for Cloud Seeding.",209,22,High
USER_014,Agnostids,Student_Draft,"The reading passage and the lecture provide conflicting perspectives to the topic of Agnostids. While the reading asserts that Agnostids offers significant benefits or is scientifically valid, the lecturer disputes these claims, arguing that the evidence is flawed. First, reading suggests that agnostids is advantageous due to its efficiency. The lecturer, however, casts doubt on this point. She argues that the reading overlooks a critical negative side effect. Specifically, the lecture mentions that recent studies have shown Agnostids can actually lead to detrimental outcomes, directly contradicting the reading's optimism. Next, the author with the reading claims that Agnostids is superior to other alternatives available. The lecturer challenges this assertion by providing evidence that the comparison is unfair. He explains that under real-world conditions, alternative methods have proven to be more reliable. Thus, unique advantages of Agnostids highlighted to the text are not as significant as presented. Finally, the reading argues that there is strong historical evidence supporting Agnostids. The lecturer refutes this by stating that the historical records are often misinterpreted. she points out that new findings indicate that the previous understanding of Agnostids was incorrect. Therefore, the lecture effectively undermines the reading's final argument regarding validity of Agnostids.",199,23,High
USER_003,Altruism,Student_Draft,"The lecture contradicts the reading passage's claim that the sentinel behavior of meerkats is an example of altruism. reading argues that sentinels sacrifice their own safety and food for the group, but the lecturer offers a different explanation. First, regarding safety, the lecturer points out that the sentinel is actually the safest member of the group. By standing guard, it is first at spot a predator and the first to escape into the burrow, while the foraging meerkats are more vulnerable. Second, the reading claims the sentinel goes hungry while guarding. The lecturer refutes this, noting that meerkats only stand guard after they have already eaten their fill. Thus, they do not sacrifice their nutrition for others. Third, the lecturer challenges the idea that this behavior is driven by selflessness. She explains that the alarm call causes the group to scatter, which creates chaos and distracts the predator. This increases the sentinel's own chance of survival, suggesting the act is selfish rather than altruistic.",164,23,High
USER_002,Smart Cars,Student_Draft,"The reading passage proposes that smart cars will provide benefits such as safety, environmental efficiency, and cost reduction. The lecturer, on the other hand, opposes these claims, arguing that the technology poses significant risks. First, the reading states that autonomous cars will eliminate human error and prevent accidents. The lecturer challenges this, pointing out that the software controlling these cars is prone to glitches and hacking. If a system fails or is compromised, it could result in accidents far more severe than those caused by human drivers. Next, the reading argues that smart cars are eco-friendly because they drive more efficiently. The lecturer counters this by suggesting that the convenience of self-driving cars will encourage more people to drive rather than use public transportation. This increase in number of vehicles on the road will ultimately lead to higher overall pollution levels. Finally, the reading suggests that smart cars will be cheaper to maintain. The lecturer refutes this by highlighting the cost of technology itself. The sensors and computing equipment required are extremely expensive to repair or replace, meaning that owning a smart car could be a greater financial burden than owning a traditional vehicle.",194,21,High
USER_017,Will-o'-the-wisp,Student_Draft,"The reading passage and the lecture provide conflicting perspectives on the topic of Will-o'-the-wisp. While the reading asserts that Will-o'-the-wisp offers significant benefits or is scientifically valid, lecturer disputes these claims, arguing that the evidence is flawed. First, the reading suggests that Will-o'-the-wisp is advantageous due to its efficiency. The lecturer, however, casts doubt on this point. She argues that the reading overlooks a critical negative side effect. Specifically, the lecture mentions that recent studies have shown Will-o'-the-wisp can actually lead to detrimental outcomes, directly contradicting the reading's optimism. Next, the author of the reading claims that Will-o'-the-wisp is superior to other alternatives available. The lecturer challenges this assertion by providing evidence that the comparison is unfair. He explains that under real-world conditions, alternative methods have proven to be more reliable. Thus, the unique advantages of Will-o'-the-wisp highlighted in the text are not as significant as presented. Finally, the reading argues that there is strong historical evidence supporting Will-o'-the-wisp. The lecturer refutes this by stating that the historical records are often misinterpreted. she points out that new findings indicate that the previous understanding of Will-o'-the-wisp was incorrect. Therefore, the lecture effectively undermines the reading's final argument regarding validity of Will-o'-the-wisp.",200,21,High
USER_007,Cane Toads,Student_Draft,"The reading passage and lecture provide conflicting perspectives with the topic of Cane Toads. While reading asserts that Cane Toads offers significant benefits or is scientifically valid, the lecturer disputes these claims, arguing that the evidence is flawed. First, the reading suggests that Cane toads is advantageous due with its efficiency. The lecturer, however, casts doubt on this point. She argues that the reading overlooks a critical negative side effect. Specifically, the lecture mentions that recent studies have shown Cane Toads can actually lead to detrimental outcomes, directly contradicting the reading's optimism. Next, author of the reading claims that Cane toads is superior to other alternatives available. The lecturer challenges this assertion by providing evidence that the comparison is unfair. He explains that under real-world conditions, alternative methods have proven to be more reliable. Thus, the unique advantages of Cane Toads highlighted of the text are not as significant as presented. Finally, the reading argues that there is strong historical evidence supporting Cane Toads. The lecturer refutes this by stating that the historical records are often misinterpreted. She points out that new findings indicate that the previous understanding of Cane Toads was incorrect. Therefore, the lecture effectively undermines the reading's final argument regarding the validity of Cane Toads.",208,21,High
USER_011,Torreya Taxifolia,Student_Draft,"The reading passage and the lecture provide conflicting perspectives on the topic of Torreya Taxifolia. While reading asserts that Torreya Taxifolia offers significant benefits or is scientifically valid, the lecturer disputes these claims, arguing that the evidence is flawed. First, the reading suggests that torreya Taxifolia is advantageous due to its efficiency. The lecturer, however, casts doubt on this point. she argues that the reading overlooks a critical negative side effect. Specifically, the lecture mentions that recent studies have shown Torreya Taxifolia can actually lead to detrimental outcomes, directly contradicting the reading's optimism. Next, the author of the reading claims that Torreya Taxifolia is superior in other alternatives available. The lecturer challenges this assertion to providing evidence that the comparison is unfair. He explains that under real-world conditions, alternative methods have proven to be more reliable. Thus, the unique advantages of Torreya Taxifolia highlighted with text are not as significant as presented. Finally, the reading argues that there is strong historical evidence supporting Torreya Taxifolia. The lecturer refutes this by stating that the historical records are often misinterpreted. She points out that new findings indicate that the previous understanding of Torreya Taxifolia was incorrect. Therefore, the lecture effectively undermines the reading's final argument regarding the validity of Torreya Taxifolia.",209,19,High
ETS_015,The Little Ice Age,ETS_Model,"The reading passage and the lecture provide conflicting perspectives on the topic of The Little Ice Age. While the reading asserts that The Little Ice Age offers significant benefits or is scientifically valid, the lecturer disputes these claims, arguing that the evidence is flawed.
First, the reading suggests that The Little Ice Age is advantageous due to its efficiency. The lecturer, however, casts doubt on this point. She argues that the reading overlooks a critical negative side effect. Specifically, the lecture mentions that recent studies have shown The Little Ice Age can actually lead to detrimental outcomes, directly contradicting the reading's optimism.
Next, the author of the reading claims that The Little Ice Age is superior to other alternatives available. The lecturer challenges this assertion by providing evidence that the comparison is unfair. He explains that under real-world conditions, alternative methods have proven to be more reliable. Thus, the unique advantages of The Little Ice Age highlighted in the text are not as significant as presented.
Finally, the reading argues that there is strong historical evidence supporting The Little Ice Age. The lecturer refutes this by stating that the historical records are often misinterpreted. She points out that new findings indicate that the previous understanding of The Little Ice Age was incorrect. Therefore, the lecture effectively undermines the reading's final argument regarding the validity of The Little Ice Age.",229,30,None
ETS_013,Chaco Canyon,ETS_Model,"The reading passage and the lecture provide conflicting perspectives on the topic of Chaco Canyon. While the reading asserts that Chaco Canyon offers significant benefits or is scientifically valid, the lecturer disputes these claims, arguing that the evidence is flawed.
First, the reading suggests that Chaco Canyon is advantageous due to its efficiency. The lecturer, however, casts doubt on this point. She argues that the reading overlooks a critical negative side effect. Specifically, the lecture mentions that recent studies have shown Chaco Canyon can actually lead to detrimental outcomes, directly contradicting the reading's optimism.
Next, the author of the reading claims that Chaco Canyon is superior to other alternatives available. The lecturer challenges this assertion by providing evidence that the comparison is unfair. He explains that under real-world conditions, alternative methods have proven to be more reliable. Thus, the unique advantages of Chaco Canyon highlighted in the text are not as significant as presented.
Finally, the reading argues that there is strong historical evidence supporting Chaco Canyon. The lecturer refutes this by stating that the historical records are often misinterpreted. She points out that new findings indicate that the previous understanding of Chaco Canyon was incorrect. Therefore, the lecture effectively undermines the reading's final argument regarding the validity of Chaco Canyon.",211,30,None
ETS_008,Easter Island,ETS_Model,"The reading passage and the lecture provide conflicting perspectives on the topic of Easter Island. While the reading asserts that Easter Island offers significant benefits or is scientifically valid, the lecturer disputes these claims, arguing that the evidence is flawed.
First, the reading suggests that Easter Island is advantageous due to its efficiency. The lecturer, however, casts doubt on this point. She argues that the reading overlooks a critical negative side effect. Specifically, the lecture mentions that recent studies have shown Easter Island can actually lead to detrimental outcomes, directly contradicting the reading's optimism.
Next, the author of the reading claims that Easter Island is superior to other alternatives available. The lecturer challenges this assertion by providing evidence that the comparison is unfair. He explains that under real-world conditions, alternative methods have proven to be more reliable. Thus, the unique advantages of Easter Island highlighted in the text are not as significant as presented.
Finally, the reading argues that there is strong historical evidence supporting Easter Island. The lecturer refutes this by stating that the historical records are often misinterpreted. She points out that new findings indicate that the previous understanding of Easter Island was incorrect. Therefore, the lecture effectively undermines the reading's final argument regarding the validity of Easter Island.",211,30,None
USER_008,Easter Island,Student_Draft,"The reading passage and lecture provide conflicting perspectives on the topic of Easter Island. While reading asserts that Easter Island offers significant benefits or is scientifically valid, the lecturer disputes these claims, arguing that the evidence is flawed. First, the reading suggests that Easter Island is advantageous due to its efficiency. The lecturer, however, casts doubt on this point. She argues that reading overlooks a critical negative side effect. Specifically, the lecture mentions that recent studies have shown Easter Island can actually lead on detrimental outcomes, directly contradicting the reading's optimism. Next, the author of the reading claims that easter Island is superior to other alternatives available. The lecturer challenges this assertion by providing evidence that the comparison is unfair. He explains that under real-world conditions, alternative methods have proven to be more reliable. Thus, unique advantages of Easter Island highlighted in the text are not as significant as presented. Finally, the reading argues that there is strong historical evidence supporting Easter Island. The lecturer refutes this by stating that the historical records are often misinterpreted. She points out that new findings indicate that the previous understanding of Easter Island was incorrect. Therefore, the lecture effectively undermines the reading's final argument regarding the validity of Easter Island.",207,23,High
USER_010,Sauropods,Student_Draft,"The reading passage and the lecture provide conflicting perspectives at the topic of Sauropods. While the reading asserts that Sauropods offers significant benefits or is scientifically valid, the lecturer disputes these claims, arguing that the evidence is flawed. First, reading suggests that Sauropods is advantageous due to its efficiency. The lecturer, however, casts doubt in this point. She argues that the reading overlooks a critical negative side effect. Specifically, the lecture mentions that recent studies have shown Sauropods can actually lead to detrimental outcomes, directly contradicting the reading's optimism. Next, the author of the reading claims that Sauropods is superior to other alternatives available. The lecturer challenges this assertion by providing evidence that the comparison is unfair. He explains that under real-world conditions, alternative methods have proven to be more reliable. Thus, the unique advantages of Sauropods highlighted for the text are not as significant as presented. Finally, the reading argues that there is strong historical evidence supporting Sauropods. The lecturer refutes this by stating that the historical records are often misinterpreted. She points out that new findings indicate that the previous understanding of Sauropods was incorrect. Therefore, the lecture effectively undermines the reading's final argument regarding the validity of Sauropods.",201,21,High
GEMINI_015,The Little Ice Age,Gemini_Generated,"The provided text and audio materials provide conflicting perspectives on the topic of The Little Ice Age. While the reading asserts that The Little Ice Age offers significant benefits or is scientifically valid, the lecturer disputes these claims, arguing that the evidence is flawed.
To start with, the reading suggests that The Little Ice Age is advantageous due to its efficiency. The lecturer, however, challenges the accuracy of this point. She argues that the reading overlooks a critical negative side effect. Specifically, the lecture mentions that recent studies have shown The Little Ice Age can actually lead to detrimental outcomes, directly contradicting the reading's optimism.
Next, the author of the reading claims that The Little Ice Age is superior to other alternatives available. The lecturer challenges this assertion by providing evidence that the comparison is unfair. He explains that under real-world conditions, alternative methods have proven to be more reliable. Thus, the unique advantages of The Little Ice Age highlighted in the text are not as significant as presented.
Finally, the reading argues that there is strong historical evidence supporting The Little Ice Age. The lecturer refutes this by stating that the historical records are often misinterpreted. She points out that new findings indicate that the previous understanding of The Little Ice Age was incorrect. Therefore, the lecture effectively undermines the reading's final argument regarding the validity of The Little Ice Age.",232,29,Low
ETS_005,Chevalier Memoirs,ETS_Model,"The reading and the lecture discuss the accuracy of the Chevalier de Seingalt's memoirs. The reading claims they are historically accurate, but the lecturer argues that the Chevalier invented many details to enhance his image. First, the lecturer challenges the claim that the memoirs capture the true spirit of the time. She notes that the Chevalier wrote the book long after the events occurred. Therefore, he likely relied on his imagination to fill in gaps in his memory, compromising the historical accuracy. Second, the lecturer refutes the idea that his described wealth was real. In reality, the Chevalier was often poor and borrowed money. He exaggerated his financial status in the memoirs to appear more successful than he actually was. Third, regarding his famous prison escape, the lecturer suggests it was impossible as described. Historical records of the prison ceiling show it was repaired much later, implying he could not have broken through it. It is more likely that he bribed his way out.",164,30,None
ETS_017,Will-o'-the-wisp,ETS_Model,"The reading passage and the lecture provide conflicting perspectives on the topic of Will-o'-the-wisp. While the reading asserts that Will-o'-the-wisp offers significant benefits or is scientifically valid, the lecturer disputes these claims, arguing that the evidence is flawed.
First, the reading suggests that Will-o'-the-wisp is advantageous due to its efficiency. The lecturer, however, casts doubt on this point. She argues that the reading overlooks a critical negative side effect. Specifically, the lecture mentions that recent studies have shown Will-o'-the-wisp can actually lead to detrimental outcomes, directly contradicting the reading's optimism.
Next, the author of the reading claims that Will-o'-the-wisp is superior to other alternatives available. The lecturer challenges this assertion by providing evidence that the comparison is unfair. He explains that under real-world conditions, alternative methods have proven to be more reliable. Thus, the unique advantages of Will-o'-the-wisp highlighted in the text are not as significant as presented.
Finally, the reading argues that there is strong historical evidence supporting Will-o'-the-wisp. The lecturer refutes this by stating that the historical records are often misinterpreted. She points out that new findings indicate that the previous understanding of Will-o'-the-wisp was incorrect. Therefore, the lecture effectively undermines the reading's final argument regarding the validity of Will-o'-the-wisp.",202,30,None
GEMINI_007,Cane Toads,Gemini_Generated,"The provided text and audio materials provide conflicting perspectives on the topic of Cane Toads. While the reading asserts that Cane Toads offers significant benefits or is scientifically valid, the lecturer disputes these claims, arguing that the evidence is flawed.
To start with, the reading suggests that Cane Toads is advantageous due to its efficiency. The lecturer, however, challenges the accuracy of this point. She argues that the reading overlooks a critical negative side effect. Specifically, the lecture mentions that recent studies have shown Cane Toads can actually lead to detrimental outcomes, directly contradicting the reading's optimism.
Next, the author of the reading claims that Cane Toads is superior to other alternatives available. The lecturer challenges this assertion by providing evidence that the comparison is unfair. He explains that under real-world conditions, alternative methods have proven to be more reliable. Thus, the unique advantages of Cane Toads highlighted in the text are not as significant as presented.
Finally, the reading argues that there is strong historical evidence supporting Cane Toads. The lecturer refutes this by stating that the historical records are often misinterpreted. She points out that new findings indicate that the previous understanding of Cane Toads was incorrect. Therefore, the lecture effectively undermines the reading's final argument regarding the validity of Cane Toads.",214,28,Low
GEMINI_008,Easter Island,Gemini_Generated,"The provided text and audio materials provide conflicting perspectives on the topic of Easter Island. While the reading asserts that Easter Island offers significant benefits or is scientifically valid, the lecturer disputes these claims, arguing that the evidence is flawed.
To start with, the reading suggests that Easter Island is advantageous due to its efficiency. The lecturer, however, challenges the accuracy of this point. She argues that the reading overlooks a critical negative side effect. Specifically, the lecture mentions that recent studies have shown Easter Island can actually lead to detrimental outcomes, directly contradicting the reading's optimism.
Next, the author of the reading claims that Easter Island is superior to other alternatives available. The lecturer challenges this assertion by providing evidence that the comparison is unfair. He explains that under real-world conditions, alternative methods have proven to be more reliable. Thus, the unique advantages of Easter Island highlighted in the text are not as significant as presented.
Finally, the reading argues that there is strong historical evidence supporting Easter Island. The lecturer refutes this by stating that the historical records are often misinterpreted. She points out that new findings indicate that the previous understanding of Easter Island was incorrect. Therefore, the lecture effectively undermines the reading's final argument regarding the validity of Easter Island.",214,29,Low
USER_020,Autonomous Robots,Student_Draft,"The reading passage and the lecture provide conflicting perspectives on the topic of Autonomous Robots. while the reading asserts that Autonomous robots offers significant benefits or is scientifically valid, the lecturer disputes these claims, arguing that the evidence is flawed. First, the reading suggests that Autonomous Robots is advantageous due to its efficiency. The lecturer, however, casts doubt on this point. She argues that the reading overlooks a critical negative side effect. Specifically, the lecture mentions that recent studies have shown Autonomous Robots can actually lead to detrimental outcomes, directly contradicting the reading's optimism. Next, the author of reading claims that Autonomous Robots is superior for other alternatives available. The lecturer challenges this assertion by providing evidence that the comparison is unfair. He explains that under real-world conditions, alternative methods have proven by be more reliable. Thus, the unique advantages of Autonomous Robots highlighted in the text are not as significant as presented. Finally, the reading argues that there is strong historical evidence supporting Autonomous Robots. The lecturer refutes this by stating that the historical records are often misinterpreted. She points out that new findings indicate that the previous understanding of Autonomous Robots was incorrect. Therefore, the lecture effectively undermines the reading's final argument regarding the validity of Autonomous Robots.",210,22,High
GEMINI_001,Wave Farms,Gemini_Generated,"The reading passage states that using wave-energy facilities would have positive impacts. However, the listening passage refutes this statement by providing several counterexamples. To begin with, the writer asserts that the wave farm facilities are reliable power-generators. The reason is that the waves are quite constant and predictable, which makes it helpful to be documented and measured. Conversely, the speaker contradicts this assertion by saying that wave energy is not dependable. The wave energy facilities often have disruptions due to technical problems and the harsh marine environment. As they have several breakdowns and malfunctions, the amount of energy they can generate could fluctuate from time to time. Furthermore, the text claims that the wave farm is environmentally friendly. As it does not involve any kind of fossil fuel, it does not emit any pollutants into the atmosphere. On top of that, there is no concern for the risk of ocean contamination. Also, the converters of the facilities do not leak harmful fuels. Hence, it does not do any harm to the environment. In contrast, the lecturer rebuts this claim by saying that the wave farm is not that eco-friendly. The converters, in fact, contain harmful chemicals such as lubricants, which are essential for allowing the joints of the converters to move freely. If these harmful chemicals inside the converter leak, it would be lethal to the marine ecosystem. Moreover, the author argues that wave farms do not harm the natural landscape. The size of the converters is not large or conspicuous compared to wind or nuclear energy facilities. Because of their relatively small size, the converters are unnoticeable on the surface of the ocean. On the contrary, the lecturer challenges this argument by saying wave farms have a negative visual impact. The converters are usually painted with bright colors so that they are detectable to shipping vessels. In addition, they tend to float on the water. This means that they can be easily spotted by tourists on beaches. In conclusion, while the passage contends that wave farms can be a positive technology, the professor refutes this contention by stating a few opposing examples.",353,28,Low
USER_012,Sima de los Huesos,Student_Draft,"The reading passage and the lecture provide conflicting perspectives in the topic to sima de los huesos. While the reading asserts that Sima de los Huesos offers significant benefits or is scientifically valid, the lecturer disputes these claims, arguing that the evidence is flawed. First, the reading suggests that Sima de los Huesos is advantageous due to its efficiency. The lecturer, however, casts doubt to this point. She argues that the reading overlooks a critical negative side effect. Specifically, lecture mentions that recent studies have shown Sima de los Huesos can actually lead to detrimental outcomes, directly contradicting the reading's optimism. Next, the author of the reading claims that Sima de los Huesos is superior to other alternatives available. The lecturer challenges this assertion by providing evidence that the comparison is unfair. He explains that under real-world conditions, alternative methods have proven at be more reliable. Thus, the unique advantages of Sima de los huesos highlighted in the text are not as significant as presented. Finally, the reading argues that there is strong historical evidence supporting Sima de los Huesos. The lecturer refutes this by stating that the historical records are often misinterpreted. She points out that new findings indicate that previous understanding of Sima de los Huesos was incorrect. Therefore, the lecture effectively undermines the reading's final argument regarding the validity of Sima de los Huesos.",227,21,High
ETS_018,Beetle Infestation,ETS_Model,"The reading passage and the lecture provide conflicting perspectives on the topic of Beetle Infestation. While the reading asserts that Beetle Infestation offers significant benefits or is scientifically valid, the lecturer disputes these claims, arguing that the evidence is flawed.
First, the reading suggests that Beetle Infestation is advantageous due to its efficiency. The lecturer, however, casts doubt on this point. She argues that the reading overlooks a critical negative side effect. Specifically, the lecture mentions that recent studies have shown Beetle Infestation can actually lead to detrimental outcomes, directly contradicting the reading's optimism.
Next, the author of the reading claims that Beetle Infestation is superior to other alternatives available. The lecturer challenges this assertion by providing evidence that the comparison is unfair. He explains that under real-world conditions, alternative methods have proven to be more reliable. Thus, the unique advantages of Beetle Infestation highlighted in the text are not as significant as presented.
Finally, the reading argues that there is strong historical evidence supporting Beetle Infestation. The lecturer refutes this by stating that the historical records are often misinterpreted. She points out that new findings indicate that the previous understanding of Beetle Infestation was incorrect. Therefore, the lecture effectively undermines the reading's final argument regarding the validity of Beetle Infestation.",211,30,None
GEMINI_006,Roman Forts,Gemini_Generated,"The provided text and audio materials provide conflicting perspectives on the topic of Roman Forts. While the reading asserts that Roman Forts offers significant benefits or is scientifically valid, the lecturer disputes these claims, arguing that the evidence is flawed.
To start with, the reading suggests that Roman Forts is advantageous due to its efficiency. The lecturer, however, challenges the accuracy of this point. She argues that the reading overlooks a critical negative side effect. Specifically, the lecture mentions that recent studies have shown Roman Forts can actually lead to detrimental outcomes, directly contradicting the reading's optimism.
Next, the author of the reading claims that Roman Forts is superior to other alternatives available. The lecturer challenges this assertion by providing evidence that the comparison is unfair. He explains that under real-world conditions, alternative methods have proven to be more reliable. Thus, the unique advantages of Roman Forts highlighted in the text are not as significant as presented.
Finally, the reading argues that there is strong historical evidence supporting Roman Forts. The lecturer refutes this by stating that the historical records are often misinterpreted. She points out that new findings indicate that the previous understanding of Roman Forts was incorrect. Therefore, the lecture effectively undermines the reading's final argument regarding the validity of Roman Forts.",214,27,Low
ETS_004,Online Encyclopedia,ETS_Model,"The reading and the lecture present conflicting views on online communal encyclopedias. The reading supports them for being democratic, comprehensive, and current, while the lecturer criticizes their reliability. First, the lecturer argues that the democratic nature of these sites leads to inaccuracy. Since anyone can edit the entries, users with no expertise can insert false information or vandalize pages, undermining the encyclopedia's credibility. Second, regarding comprehensiveness, the lecturer notes that these platforms are biased towards popular culture. Trivial topics are covered in great detail, while serious academic subjects are often neglected or described superficially. Third, the reading praises the ability to make instant updates. The lecturer, however, points out that this also allows errors to remain online until someone notices them. Unlike printed encyclopedias, which undergo rigorous fact-checking, online versions can spread misinformation quickly.",134,30,None
ETS_014,Agnostids,ETS_Model,"The reading passage and the lecture provide conflicting perspectives on the topic of Agnostids. While the reading asserts that Agnostids offers significant benefits or is scientifically valid, the lecturer disputes these claims, arguing that the evidence is flawed.
First, the reading suggests that Agnostids is advantageous due to its efficiency. The lecturer, however, casts doubt on this point. She argues that the reading overlooks a critical negative side effect. Specifically, the lecture mentions that recent studies have shown Agnostids can actually lead to detrimental outcomes, directly contradicting the reading's optimism.
Next, the author of the reading claims that Agnostids is superior to other alternatives available. The lecturer challenges this assertion by providing evidence that the comparison is unfair. He explains that under real-world conditions, alternative methods have proven to be more reliable. Thus, the unique advantages of Agnostids highlighted in the text are not as significant as presented.
Finally, the reading argues that there is strong historical evidence supporting Agnostids. The lecturer refutes this by stating that the historical records are often misinterpreted. She points out that new findings indicate that the previous understanding of Agnostids was incorrect. Therefore, the lecture effectively undermines the reading's final argument regarding the validity of Agnostids.",202,30,None
