review_id,doc_label,sentence_id,sentence_text,sent_label
1,1,1,1시간 정도 기다려서 먹었는데 맛있었어요.,1
1,1,2,엄청 촉촉하고 부드러워요.,1
2,1,1,애매한 가격대의 요리 2만 원 대 중 맛있는 것과 만나기는 참 어렵다.,2
2,1,2,그런 점에서 소친 친구의 새우와 된 자면은 기대 이상의 매우 훌륭한 맛이었다.,1
3,1,1,오랜만에 방문에도 여전히 맛있다..,1
3,1,2,정말 특별한 트러플 오일을 사용하는 듯하다,1
3,1,3,그 풍미가 보통이 아니다.,1
3,1,4,집에 있는 트러플은 와 저런 느낌이 안 나지 ??,1
4,1,1,아르바이트생이 친절해요,1
5,1,1,강릉 오면 항상 들리는 집입니다.,1
5,1,2,동치미 막국수가 맛있어요.,1
6,1,1,바빠서 불친절을 느낄 수 있지만 나름 잘 챙겨줌,1
6,1,2,된장찌개 맛집,1
7,1,1,보쌈을 시켰는데 시원한 국물이 나와서 뜻밖에 너무 좋았다.,1
7,1,2,거기에 면은 안 넣어 먹을 수가 없다,1
8,1,1,"제목  한 번 맛보면 이후로 동네 중국집은 못 먹음,, 혼자 또는 둘이서 식사류만 먹어보다가 가족 외식으로 요리류를 다양하게 먹어보았어요..!",1
8,1,2,짬뽕  국물이 맑고 맛이 깔끔합니다.,1
8,1,3,맵지 않아서 부담 없이 먹을 수 있고 야채 해산물이 많아 한 끼 식사로 적당합니다.,1
8,1,4,강추 볶음밥  밥이 고슬고슬하고 짜장 소스도 간이 적당해서 먹기 좋습니다!,1
8,1,5,위에 올라오는 계란을 가르면 노른자가 스르르 나오는데 비주얼이 예술입니다.,1
8,1,6,약간 아쉬운 점은 기름지다는 점..?,0
8,1,7,양이 많아 배고플 때 먹어도 다 먹기 힘들었습니다,1
8,1,8,저는 혼밥하러 가면 볶음밥만 먹는 것 같아요.,1
8,1,9,탕수육  바삭바삭한 탕수육 식감을 원하신다면 비추지만 저 같은 주먹 파는 너무 맛있게 먹었습니다.,1
8,1,10,역시 주방장님께서 뭘 좀 하시는 것 같네요!,1
8,1,11,뿌듯 라조육  이거 메뉴 이름 라조육 맞나요? 기억력이 ..,1
8,1,12,이태원에 양 꼬치집에서 먹었던 거랑 비슷한데 특유의 치토스? 느낌 나는 짠맛 때문에 좋아하진 않습니다.,0
8,1,13,아버지께서는 맛있게 드셨는데 사진 찍기도 전에 한 그릇 퍼 가셔서 양이 좀 적게 나왔습니다..,1
8,1,14,팔보채  8가지 보물을 다 찾진 못했고 5개 정도 찾은 것 같은데 재료들이 다 너무 싱싱하고 맛있게 먹었습니다.,1
8,1,15,칭따오  위 메뉴들과 먹으면 환상의 궁합을 자랑합니다.,1
8,1,16,"칭따오가 주메뉴에서 빠지면 섭섭해할 것 같아서 넣어봅니다,,",1
8,1,17,"혼밥하러 가도 큰 자리를 내어주시고, 가게 내부가 시끄럽지도 않고, 분위기도 좋아서 추천합니다.",1
8,1,18,점심시간엔 가끔 줄 서서 기다리더라고요..!,0
8,1,19,여기는 깐풍기가 그렇게 맛있다는데 다음에 오면 꼭 먹어봐야겠네요,1
9,1,1,전통의 노포.,1
9,1,2,실내 인테리어부터 연륜이 느껴진다.,1
9,1,3,육수 맛은 훌륭한데 고기는 조금만 더 삶아졌으면 어땠을까.,0
9,1,4,김치 섞박지는 좀 아쉽다.,0
9,1,5,하지만 가격은 제법 착한 편...,1
9,1,6,여하튼 만족스러운 한 끼.,1
10,1,1,개인적으로 등 푸른 생선 중 고등어를 좋아하는데 친구가 고등어 본 초밥이 유명하다길래 가봤어요.,1
10,1,2,게르치 본 초밥과 하이볼을 한 잔 주문했습니다.,1
10,1,3,고등어는 제가 갔던 날 메뉴에 없더라고요,2
10,1,4,게르치는 처음 들어 보는 생선이라서 주문했어요.,2
10,1,5,"기름져서 금태와 비슷한 느낌이라고 하셨는데, 말씀대로 기름지고 부드러워서 맛있게 먹었어요.",1
10,1,6,개인적으로 라임을 안 뿌리는 게 취향에 맞네요.,2
10,1,7,친구가 맛있다고 추천했던 크래건 모어 하이볼.,2
10,1,8,"몇몇 위스키의 경우 하이볼이 많이 달았다는 리뷰도 있었으나, 다행히 달 지는 않았네요.",1
10,1,9,"기주의 특성상 가볍다는 느낌은 있었지만, 그만큼 반주하기에는 좋았던 것 같습니다.",2
10,1,10,"일식 메뉴가 많아서 그런 건지 잘 모르겠지만, 하이볼 전문 바들과는 다른 느낌이었던 것 같아요.",2
10,1,11,이자카야에서 하이볼 먹는다는 생각이 들었거든요.,2
10,1,12,인테리어는 이자카야보다 바에 가까웠지만요.,2
10,1,13,"저는 평일 오픈 직후에 가서 잘 느끼지 못했지만, 평소에는 다소 시끌벅적한 분위기라고 들었기에 바처럼 술만 마시러 가는 건 안 맞을 것 같았고요.",0
10,1,14,가볍게 반주하러 가는 게 더 적합할 것 같습니다.,1
10,1,15,가격은 조금 비싼 것 같으나 맛있어서 맛있다로.,1
11,1,1,비리지 않고 깔끔합니다.,1
11,1,2,12시 좀 넘어서 가니 대기도 없고 좋아요.,1
11,1,3,부추 진짜 맛있습니다.,1
12,1,1,육회랑 국밥에 소주 한 잔 걸치기 좋음,1
13,1,1,원래 콩국수 못 먹는데 30년 만에 처음으로 먹어봤습니다.,2
13,1,2,이 맛있는 걸 왜 여태껏 안 먹었나 싶네요,1
14,1,1,"식당 앞 주차 가능함, 생굴회, 생굴전, 얼큰이 뚝배기 주문하였으며, 그중 생굴 전이 가장 만족스러웠음, 그뿐만 아니라 생굴회와 얼큰이 뚝배기의 조화 또한 굉장히 만족스러웠음, 생굴전은 작은 사이즈로 시켰는데 모자라지 않았음, 생굴회도 싱싱하고 좋은데, 꼭 얼큰이 뚝배기 함께 주문 추천함, 그리고 얼큰이 뚝배기는 상당히 매운 편이니 매운 거 못 드신다면 주문 시 덜 맵게 부탁하면 덜 맵게 만들어줌, 상당히 만족한 식사였음, 방문 추천함, 끝",1
15,1,1,유명한 체인점답게 서비스가 좋고 회전속도가 빠르다 테이블이 비면 바로바로 치워주고 음식 나오는 속도도 빨라서 좋다!,1
15,1,2,가격이 비싸다고 느껴지지만 한 입맛 보면 비싼 걸 인정하게 하는 맛이라고 생각..,1
16,1,1,피자 아볼로 반반 피자도 선택할 수 있고 사이드 종류가 다양해서 골라 먹는 재미가 있음,1
17,1,1,돼지고기 샤부샤부 친절하시고 재료도 싱싱한 정말 맛있는 집입니다,1
17,1,2,야채도 리필해주시고 다 먹고 끓여주시는 칼국수도 맛있어요!,1
17,1,3,정말 자주 가는 집!,1
18,1,1,아주 오랫동안 위시리스트에서 묵히고 있던 이태원 호머!,1
18,1,2,용산에 있다가 문득 피자가 먹고 싶어져서 바로 가봤습니다.,1
18,1,3,일요일 저녁시간쯤 방문했는데 갔을 때는 자리가 좀 남아있었는데 금방 꽉 찼어요!,1
18,1,4,상당히 시끌벅적한 분위기라서 이야기 소리가 잘 들리지 않는다는 불편함이 있었지만...,0
18,1,5,"너무 맛있었어요. 라구, 로제, 치즈피자 한 조각씩이랑 생맥주 2잔 시켜서 둘이 나눠 먹었는데 포만감도 상당했어요. 라구는 향이 좀 강했고, 로제는 다 아는 그 맛이지만 너무 맛있었고, 치즈피자는 정말 베이직하지만 그 와중에 맛있었어요",1
19,1,1,혼자 군만두 먹었어요,2
19,1,2,쫀득쫀득한 만두피가 대박.,1
19,1,3,안에 육즙도 가득해서 존맛탱이에요.,1
19,1,4,군만두 별로 안 좋아하는데 맛있게 다 먹었어요.,1
19,1,5,많은 분들이 tv에 나온 신발원에 줄 서 계시는데 둘 다 맛있다고 하더라고요.,1
19,1,6,저처럼 줄 서기 싫은 분들은 마가 만두를 추천합니다!,1
20,1,1,"성수 어니언 도 가봤는데, 커피나 빵은 좋지만 위치가 조금 아쉬워요",0
20,1,2,"처음 찾을 때 우체국?이랑 같은 건물인데 옆문에 있어서 길치는 헤매요,,,,,",0
21,1,1,바다 전망에 싱싱한 물회까지 분위기도 맛도 좋았어요,1
22,1,1,맛있어요.,1
22,1,2,과일 생크림?크레페랑 눈 텔라 바나나에 크림 브륄레 추가해서 먹었는데 과일도 많이 들고 생크림도 느끼하지 않고 크림 브륄레도 잘 어울리고 넘넘 맛있었어요.,1
22,1,3,토핑 종류가 다른 크레페 집에는 없는 참신한 것들이 많아서 다 먹어보러 가고 싶어요.,1
22,1,4,다만 운영시간이 짧고 가끔 비정기 휴무하시는 듯 한 번 또 갔었는데 아무것도 안 써져 있고 문 닫혀 있어서 인스타 계정이 있으신가 하고 검색해서 들어가 봤더니 인스타에만 휴무 공지하셨더라고요,0
22,1,5,너무 속상했어요,0
22,1,6,지하철 타고 20분 걸려서 갔는데 꼭 인스타 확인하시고 가세요!,2
22,1,7,그래도 너무 맛있어서 오래오래 장사하시면 좋겠습니다!,1
22,1,8,그 동네 갈 일이 많은데 당분간 후식은 크레페일 듯!,1
23,1,1,조개 삼합을 처음 먹어봐서 걱정했는데 짱 맛있네요,1
23,1,2,키조개가 비리지 않고 쫄깃쫄깃하고 고기도 부들부들해서 같이 먹으니 최고더라고요,1
23,1,3,특히 날치알 새우볶음밥이 예술이에요,1
23,1,4,매운맛으로 시켰는데 맵 삭하니 느낌함을 잡아줘서 배부르게 먹고 가요,1
24,1,1,스콘이 참 많이 있고 모두 맛있어요,1
25,1,1,재방문의 사 80 볼이 노는 여러 번 방문한 레스토랑이다.,1
25,1,2,첫 방문 때는 너무너무 맛있고 럭셔리했다.,1
25,1,3,추천해주신 메뉴들이 다 맛있었고 어울리는 와인 추천도 좋았다.,1
25,1,4,하지만 여러 번 방문하니 새로운 맛을 느낄 수 없다는 아쉬움이 있었다.,0
25,1,5,"먹물 파스타, 스테이크, 뇨끼가 가장 만족스러운 메뉴였다.",1
25,1,6,누군가가 음식점 추천을 해달라고 하면 볼이 노를 추천해주는 편이다!,2
26,1,1,육회에 파스타라니 굉장히 생소한 조합이라고 생각했는데 맛있어서 놀라웠습니다,1
27,1,1,2호점 안내나요?,1
28,1,1,탄탄면 맛있음.,1
28,1,2,직원분들이 서비스도 좋았고 음식 나오는 시간도 길지 않음.,1
28,1,3,위생상태도 좋음.,1
28,1,4,재방문의 사 있음,1
29,1,1,별 기대 없이 들어간 식당.,2
29,1,2,강동구청 뒷골목에 자리 잡고 있으며 끓이면 끓일수록 진한 육수에 약간 질기긴 하지만 닭과 찍어 먹는 소스의 조합이 좋습니다.,1
29,1,3,같이 나오는 김치도 먹기 딱 좋습니다,1
30,1,1,인생 냉면이라 감히 칭해봅니다,1
30,1,2,맛있어요,1
30,1,3,같이 파는 고기는 조금 비싸지만 퀄리티는 정말 좋아요,1
31,1,1,올 6천 원인 거 빼고는 만족,1
32,1,1,Been here a couple of times with coworkers and I often find myself craving more,1
33,1,1,아보카도 버거 정말 맛있어요,1
33,1,2,줄이 너무 길어 가기 힘들지만 정말 줄 서는 게 이해가 가는 수제버거집!!,1
33,1,3,또 가고 싶다,1
33,1,4,으앙 ...,2
34,1,1,사람이 엄청 많은 반찬 식당.,2
34,1,2,보문산 근처에 위치하고 있어 등산한 후에 먹기 딱 좋은 식당이다.,1
34,1,3,음식 자체도 잘 나와서 맛있다.,1
35,1,1,전에도 방문해봤지만 팟타이와 쌀국수가 말 그대로 무색무취한 무난한 맛이어서 그냥 그렇다는 인상이 남았었던 가게에요!,0
35,1,2,하지만 새우 팟 끼 마오..?와 그린 카레를 먹었는데 대..존.. 맛.. 그린 카레가 진짜 진짜 맛있어요.,1
35,1,3,녹색 카레 특유의 포근한 맛이 없진 않은데 매콤하고 자극적인 맛도 함께 나는?,2
35,1,4,맛도 입체적이고 물리지 않는 맛이어서 만족..,1
35,1,5,가격도 위치와 음식 종류를 고려했을 때 매우 만족스럽습니다,1
36,1,1,너무 맛있음,1
36,1,2,짬뽕과 탕구육 최고,1
37,1,1,구성비 맛 우수한 맛집,1
38,1,1,국물이 끝내주는 안동국시 칼국수는 고춧가루 그득한 김치 맛으로 먹는다 생각해왔는데 이곳은 칼국수 국물로 먹는 곳입니다.,1
38,1,2,보통 밖에서 먹는 바지락 베이스의 칼국수 국물이 전혀 아니라 사골국같이 뽀얀 맛이 깊은 고기 국물 맛이에요.,2
38,1,3,고명으로 들어간 고기는 자잘하게 썰어져있는데도 풍미가 깊습니다.,1
38,1,4,"찬으로 나온 깻잎에 싸먹어도 일품이고, 아주 매우 삼삼한 김치랑 먹었을 때 김치가 칼국수 맛을 해치지 않고 잘 어우러집니다.",1
38,1,5,국시는 새콤한?느낌의 국인데 국물보다는 들어있는 고깃덩어리에 감탄했어요.,1
38,1,6,엄청 부드럽고 곱고 고소하고 다하다 보니 다음에 와서 이집 수육을 먹어봐야겠다 싶더라고요.,1
38,1,7,살짝 쌀쌀한 밤 날씨에 몸을 데워주는 즐거운 식사였습니다!,1
39,1,1,담백한 맛과 저렴한 가격을 오랫동안 유지하고 있어서 고맙게 느껴지는 집.,1
39,1,2,"해물칼국수, 만두, 김치 모두 맛있음. 이미 유명 TV 프로그램에 여러 번 소개된 유명한 집.",1
39,1,3,서울 미쉐린 가이드 2017에서는 빕 구르몽 로고를 받았음.,1
40,1,1,왕조 맛 양이 너무 많아서 먹기 힘들었지만 다 배 속에 넣어갔습니다,1
41,1,1,"치 돈 좋다 비주얼 좋고, 당신이 생각하는 그 맛이다.",1
41,1,2,사실 맛없을 수 없는 조합.,1
41,1,3,그리고 식어도 상당히 식감이 크리스피 하다.,1
41,1,4,가격 만 원. 비싸다 생각할 수 있지만 난 만족 각자 주머니 사정 맞게 드시고  아 귤안 먹고 왔네 이제 생각남 …,1
42,1,1,여신님 맛있으시네요.....,1
42,1,2,여신 족발...,2
42,1,3,어휴 세상에 맛있다!!!,1
42,1,4,가격도 착하고 좋다!,1
42,1,5,사진 속 족발이 가장 작은 크기다.,2
42,1,6,저녁 굶은 두 사람이 다 못 먹고 남겼음.,1
42,1,7,"대짜 시키면 얼마나 많은 많이 나올지, 몇 명이 와서 먹어야 되는 걸지 궁금하다.",1
42,1,8,"족발 먹으면 껍데기의 물컹함이 싫어서 최대한 살코기 많은 쪽만 골라 먹는 스타일인데 여기는 껍질이 완전 쫄깃쫄깃, 간도 완벽해서 껍질이 더 맛있게 느껴지더라!",1
42,1,9,신세계임!,1
42,1,10,결국 뼈에 붙은 껍질까지 다 뜯어먹었다.,1
42,1,11,비빔국수는 아무 생각 없이 기본 옵션처럼 시킴.,2
42,1,12,맨날 족발집 가면 주는 막국수일 줄 알고 시켰는데 진짜 소면 말은 제대로 된 비빔국수가 나왔다 자극적이지 않아서 맛있게 먹었다,1
42,1,13,다만 야채 좀 더 많이 들었다면 더 좋았을 듯.,0
43,1,1,라테가 맛있다는 후기에 방문!,2
43,1,2,라테 진짜 맛있습니다!,1
43,1,3,"굳굳굳 자리도 넓고, 인테리어도 예쁘고, 화장실도 깨끗하고, 다 좋은 곳입니다, 강추!",1
44,1,1,맛은 좋아요,1
44,1,2,근데 가게가 좀 작아요,0
44,1,3,종업원들이 상당히 친절합니다,1
45,1,1,빨리 회사를 키워서 나도 주변 사람들에게 양고기 실컷 사줄 수 있는 사람이 되어야겠다.,2
46,1,1,먹기 위해 운동한다,2
46,1,2,마이 웨이 어제도 미친 듯이 스텝 푸를 밟던 중 생활의 달인에 나온 나카노 라멘.,2
46,1,3,검색 검색 초록창 아!!,2
46,1,4,근처였기에 씻고 바로 출동!!!,2
46,1,5,비 오는 날이라 낸 라멘은 다음 기회로.. 파듬뿍 온 라멘 8000원 고기 듬뿍 8000원.,2
46,1,6,닭 육수베이스의 맑은 국물 느끼하지 않은 차슈 굳굳.,1
46,1,7,국물이 맑기 때문에 고기 듬뿍보다는 이 듬뿍이 잘 어울리는 것 같아요.,1
46,1,8,서비스로 나온 미니 첨치 주먹밥도 나쁘지 않음.,1
46,1,9,꼽배기를 시킬까,2
46,1,10,고민하다 보통 시켰는데 주먹밥까지 먹으면 적지 않은 양이에요.,2
46,1,11,추신.,2
46,1,12,돈코 쓰든 미소든 일본라멘이 싫다 못 먹는 분이라면 여기 꼭 가보세요!!,1
46,1,13,아마 편견이 깨지고 드실 수 있을 거예요!!!,1
46,1,14,일본라멘이 다 느끼하지 않답니다,2
47,1,1,"곰 돈가스라고 쓰여있지만 식당은 곰 식당 정식은 돈가스에 생선가스, 함박 스택 이",2
47,1,2,맛보기로 나온다,2
48,1,1,근처 맛 집 찾으시면 여기 가세요...!!!,1
48,1,2,너무 맛있고 양도 많고 친절하시고 다하니깐요,1
49,1,1,을지로 충무로 곳곳에 오래된 맛 집들이 널려있다.,2
49,1,2,다 돌아보기 어려울 만큼 많다.,2
49,1,3,오늘의 대호 중 바로 앞에 유명한 은주 정도 있고 번호표 받고 기다려 들어가는 김치찌개도 있고...,2
49,1,4,하여간 한집 한집 다 가보는 바램을... 다 맛있고 다 별 다섯 8천 원으로 1만 5천 원 정식이나 쌈밥에 밀리지 않는 내공이 있다.,1
49,1,5,제육볶음이 함께 나오는 쌈밥은 대호 정의 대표 메뉴이니 더 칭찬 안 해도 ...,1
49,1,6,불고기 전골은 2만 원 불고기에 뒤지지 않는다 단 음식 싫어하는데 딱 적당한 엄마 불고기 맛이다 쌈도 신선 다양하고 돌솥밥도 일품이다.,1
49,1,7,기회 되면 꼭 가보시라 강추,1
50,1,1,이 동네에 살 때 자주 가봐야 할 곳 단점은 조금 늦게 가면 자리가 없다는 것뿐,0
51,1,1,보쌈 백반은 1인분도 주문이 가능해서 혼밥하기 좋다.,1
51,1,2,보쌈 백반은 보쌈에 밑반찬들 이것저것과 콩나물국이 나오는 구성인데 가짓수가 많지는 않다.,0
51,1,3,보쌈 고기는 국내산과 수입품이 섞였지만 잡내 없이 부드럽게 잘 삶아졌다.,1
51,1,4,보쌈김치에는 생굴과 무채가 들어있으며 단순히 맵고 짠맛이 아니라 달짝지근한 감칠맛이 난다.,1
51,1,5,현금만 받아서 분명 싫어하는 사람들이 있겠지만 개인적으로 이곳만의 분위기가 느껴져서 재밌었다.,1
51,1,6,원 할머니보쌈의 원년 멤버셨던 할머니께서 차리신 식당이라고 한다.,2
52,1,1,정발고등학교 근처에 위치해있어요.,2
52,1,2,분위기도 조용하고 손님도 없어서 공부하기도 좋아요!!,1
52,1,3,손님이.... 제가 온 뒤로 두 시간 동안 저밖에 없어서  자주 가야겠어요..,1
52,1,4,소품들도 예쁘고 깔끔하고 음악들도 카페 분위기에 잘 맞는 노래들이 나와요!,1
52,1,5,시그니처인 녹차 구름 비엔나를 마셨는데 사장님이 녹차 구름이 좀 가라앉아서 죄송하다고  하셨지만 몽글몽글 귀여운 비주얼!,1
52,1,6,녹차 크림이 좀 텁텁하고..,0
52,1,7,비주얼만큼 맛있지는 않지만 분위기 때문에 그냥 맛있다로 리뷰 올려요!,0
52,1,8,티 종류도 다양하고 커피는 일산 스페셜티 로스터리인 뮬의 과테말라 싱글 오리진 원두만을 쓰신다고 해요.,2
52,1,9,근처에 있으실 때 충분히 올만한 카페 같아요!,1
53,1,1,갈치구이가 맛나더라고요,1
53,1,2,기대 별로 안 했는데...,2
53,1,3,고등어 구이도 좋았어요,1
53,1,4,다음엔 갈치조림 도전하러 갈게요,1
54,1,1,너무 맛있고 알차다.,1
54,1,2,뜨끈해서 더 맛있게 먹었다.,1
54,1,3,여러 지점이 있었으면 한다,1
55,1,1,구성비 최고 음식 솜씨가 기본적으로 있으신듯해요.,1
55,1,2,반찬도 충성하고 게장도 많이 주셔서 좋았어요!,1
55,1,3,아침식사로 최고인듯해요!!!,1
56,1,1,완전 춘천 와서 힐링하고 가네요,1
57,1,1,재방률 96. 7000원대의 가격대 하는 혜화 대표 맛집 중 하나다.,1
57,1,2,혜화에서 일본식 카레덮밥 or 돈부리를 찾는다면 꼭 한번 가보기를 추천한다.,1
57,1,3,새우는 큼지막하니 고놈 보기만 해도 알차 입맛 다시게 한다.,1
57,1,4,맥주를 안 파는 게 아쉬울 정도의 카레와 튀김이다.,1
57,1,5,이것을 유일한 흠으로 볼 수도 있겠다.,1
57,1,6,대체적으로 훌륭하다.,1
57,1,7,"단, 치명 가스는 호불호가 갈릴 수도 있으니 주의하자",0
58,1,1,외관도 이쁘고 햇빛도 잘 들어서 사진이 잘 나오는 편인 것 같다.,1
58,1,2,분위기도 조요 조용하고 도넛이 진짜 너무 맛있음 미친 듯이 맛있음,1
58,1,3,아쉬운 게 가격이 너무 사악함,0
59,1,1,"가격 대비 적절한 맛, 개별 룸, 친절한 서빙으로 좋은 모임을 할 수 있는 식당",1
60,1,1,"포장했는데, 가격 대비 양도 너무 푸짐하고 무엇보다 양념장 맛이 죽여요.",1
60,1,2,서비스로 주시는 미역국도 진하고 양 많아요!,1
61,1,1,사장님도 그렇고 직원분들도 굉장히 친절하세요 고기도 맛있지만 그 친절함에 이따금씩 방문하게 되는 곳.,1
61,1,2,오징어 소갈비였나 그거도 강추합니다,1
61,1,3,고기 살살 녹음  단점이라고 한다면 고기를 너무 빨리 구워주셔서 허겁지겁 급히 먹게 됨 ..,0
62,1,1,산본에서 내가 가장 차애 하는 맛집 반쎄오는 꼭 가면 시켜 먹는 메뉴!,1
62,1,2,꼭 시켜 드세요!,1
62,1,3,다른 음료들도 차돌 쌀국수도 진한 국물과 고슬고슬한 쌀알이 살아있는 볶음밥이 맛있는 집.,1
62,1,4,다른 집에 비해서 정말 맛있는데..,1
62,1,5,간판이 이국적인 음식일 것 같아서 그런가??,2
62,1,6,한번 가봤는데 정말 맛있어서 자주 가는 집중에 하나임.,1
62,1,7,양도 많은 거에 비해서 가격도 착하다!,1
63,1,1,분위기도 괜찮고 구성비 좋은 맛 집이네요,1
63,1,2,파스타 맛있어요,1
64,1,1,만두 라면 사족을 못 쓰기에 항상 만둣집은 식당을 선택할 때에 우선적으로 고려한다.,2
64,1,2,주말에 영업하고 브레이크 없는데 만두 파는 집이다?,2
64,1,3,고민할 것도 없다.,1
64,1,4,"샤와 롱 바오 포지션에 해당하는 고기 빠오 즉, 새우 지짐 만두, 훈둔면을 주문했다.",2
64,1,5,훈둔면은 처음 먹는 음식인데 상당히 맛있게 먹었다.,1
64,1,6,숙주와 고기가 들어간 사골 국물에 만두랑 면이 들어갔다.,2
64,1,7,국물이 되게 기름져서 맛있다.,1
64,1,8,"쌀국수, 떡국, 완탕을 적절히 맛있게 배합하면 비슷한 맛이 나지 않을까 싶다.",2
64,1,9,새우 지짐 만두도 맛있었다.,1
64,1,10,겉 부분은 바삭하고 속은 촉촉하면서 탱글 하다.,1
64,1,11,기대보다 맛있어서 정신없이 먹고 계산하고 나니 벽면에 훈둔면 맛있게 먹는 방법이 쓰여 있었다.,2
64,1,12,그냥 먹어도 진짜 맛있던데 혹시 모를 꿀 팀이 숨겨져 있을지도 모르니 식당에서는 항상 글이 빼곡히 쓰인 벽면을 유심히 살펴보도록 하자.,1
65,1,1,가평 드라이브하다가 찾아서 간 곳이에요.,2
65,1,2,공간이 아주 넓고 인테리어도 멋있어요.,1
66,1,1,"모 두부, 초 두 푸는 굿 얼큰 순두부는 좀 많이 매웠고 아침에는 짬뽕 순도가 안된다는",0
67,1,1,속초에 은근 막국수집이 많던데 솔밭가든이 젤 깔끔하고 맛있었어요,1
67,1,2,여행길에 좋은 추억 남겨요,1
68,1,1,명성 그대로 전주에서 맛이랑 분위기는  세 손가락 안에 드는 음식점,1
68,1,2,한옥마을에 있어서 주차는 아쉬움  ..,0
69,1,1,뷰가 쩐다...,1
69,1,2,"금강이 바로 앞이고, 메뉴 구성이 좋다!!",1
69,1,3,여름 한정인 조치원복숭아 두 번 갔는데 두 번 먹었다,1
70,1,1,케이크가 맛있어요,1
70,1,2,구성비도 좋습니다,1
70,1,3,음식 퀄리티들이 나쁘지 않아요,1
70,1,4,또 가보고 싶습니다,1
71,1,1,경치도 좋고 커피도 좋네요.,1
71,1,2,다행히 오늘은 사람이 별로 없는데 성수기엔 자리 잡기 힘들겠어요.,0
72,1,1,꼭 방문하세요,1
73,1,1,"목살, 된 줄 술 밥 추천 볶음밥 된장라면 비추천 목살은 6080 익혀 먹으면 부드럽다.",2
73,1,2,오겹살은 자칫 껍데기가 너무 질길 수 있어서 비추천이다.,0
74,1,1,입이 쩍 벌어짐,1
75,1,1,밀크티가 너무 향기로워서 울 뻔했어요,1
75,1,2,레몬 타르트도 마냥 달지 않고 쫀쫀한 머랭과 어우러져 입에서 녹아내려요 ...,1
76,1,1,"갈비탕의 부드러운 식감, 좋아좋아!",1
77,1,1,맛이 깊고 깔끔해요!,1
77,1,2,식전 빵 맛있고요  누룽지 스파게티 같은 다양한 퓨전 요리도 즐길 수 있어요.,1
78,1,1,독일식 돈가스인 슈니첼과 굴라시를 파는 곳입니다.,2
78,1,2,내부가 독특하고 아름다우나 협소한 편이고 웨이팅이 많습니다.,0
78,1,3,음식은 정말 정말 느리게 나왔었는데 예전보다는 그나마 빨리 나오는 편입니다.,1
78,1,4,굴라시를 시킬 때 버터 라이스로 주문하시고 빵을 추가 주문해서 드시면 맛있습니다.,1
78,1,5,슈니첼은 라즈베리 잼이 아닌 딸기잼을 주는데 너무 달기만 하고 슈니첼은 또 느끼해서 몇 입까진 맛있는데 계속 먹으면 느끼하고 물리는 맛입니다.,0
78,1,6,기본 슈니첼보다는 치즈 얹은 슈니첼이 더 맛있습니다.,2
78,1,7,인테리어가 예쁘고 슈니첼과 굴라시를 같이 먹을 수 있는 곳이 별로 없어서 나쁘지 않다고 생각합니다.,1
79,1,1,감자튀김이 만들어져 있던 거라 조금 눅눅했다.,0
79,1,2,시간 지나니까 기름에 절어서 축축해졌음.,0
80,1,1,무난한 맛에 푸짐한 양의 감자탕 집이었습니다.,1
80,1,2,유명하고 감자탕 좋아해서 가봤는데 멀리서도 꼭 먹어야 할 감자탕이다!라고는 못하겠지만.. 그래도 잘 먹었습니다,1
81,1,1,날이 한창 더워지기 전에 먹었었다.,2
81,1,2,그래서 그런지 더 맛있었던 기억.,1
81,1,3,맑고 진한 국물에 깍두기 척 올려먹으면 밥이 술술 넘어간다.,1
81,1,4,생각보다 건물이 꽤 커서 여럿이서 와도 괜찮을 곳이다,1
82,1,1,"맛 서비스 분위기 재방문의 사 식사 평균 예산 1인 13,000원 이내 어린 양고기를 사용해서 고기가 질기지 않아 좋다.",1
82,1,2,양고기의 냄새가 많이 나지 않는 편이다.,1
82,1,3,처음 먹는 사람도 크게 거부감 없이 먹을 수 있을 듯함.,1
82,1,4,"꿔바로우, 가지 만두 등 중국요리들이 많이 있고 가격도 많이 비싸지는 않지만 그리 맛있는 편은 아니다.",0
82,1,5,양 꼬치와 마라 양 꼬치 모두 일 인분에 10꼬치씩 나온다.,2
82,1,6,나올 때부터 쓰란 양념이 뿌려져있기 때문에 쯔란을 못 먹는다면 미리 말을 해야 한다.,2
82,1,7,마라 양 꼬치 매운 양 꼬치는 생각보다 많이 맵고 자극적인 맛.,2
82,1,8,온면에 대한 기대를 많이 하고 갔는데 생각보다 별로였다.,0
82,1,9,김치 라면 같은 맛?,2
83,1,1,카페인 걸 인지하고 갔으면 시끄러운 거에 대해서 마음을 비워두고 가야지,2
83,1,2,뭔 시끄럽다고 평점 질어야  집에서 방음벽 설치하고 읽으세요,2
83,1,3,불편한 새끼들아 불편하면 자세를 고쳐 앉아,2
84,1,1,막창이 잡내가 없고 아주 깔끔한 편이다.,1
84,1,2,근데 맛 집이라고 할 만큼 맛있은지는 의문이 든다.,0
84,1,3,대략 한 시간 정도 기다리고 들어갔는데 초벌이 되어서 나오는 막창이라 금방 먹을 수는 있다.,1
84,1,4,그렇지만 이 시간을 기다리면서까지 먹을만한 막창은 아니고 그냥 괜찮게 먹을 수 있는 막창.,0
84,1,5,사실 왜 입소문을 탄 건지는 모르겠다.,0
84,1,6,내가 가는 단골 막창집이 가격도 더 저렴하고 맛있다고 느껴져서 여기는 굳이 다시 방문하지는 않을 거 같다,0
85,1,1,너무 맛있어요,1
85,1,2,쌈 싸 먹는 것도 다른 술안주도 맛있습니다,1
85,1,3,양은 좀 적은 듯,0
86,1,1,유기농이어서 믿고 아이들과 맛있게 먹었습니다,1
86,1,2,만족해요!,1
87,1,1,위치가 좋은 곳은 아니다 주차장에 들어서니 백구 4마리가 반겨주었다,0
87,1,2,개 싫어하는 분은 가지 마세요,0
87,1,3,연탄 불고기 백반 구성비가 심히 놀랍다,1
87,1,4,이 정도 백반 7000원에 파는데 잘 없는데 불고기 간장보다 고추장이 훨씬 맛있음 무조건 고추장 시키세요,1
87,1,5,고기 메뉴는 안 먹어봐서 모르겠는데 백반 점심 식사로 강추,1
88,1,1,크 사장님 청라에 가게 차려주셔서 감사...,1
88,1,2,제대로 된 청라 3대 이탈리아 레스토랑,1
89,1,1,부산 스타일 떡볶이라는데 이렇게 가래떡 덩어리로 나와서 우리가 직접 가위로 잘라먹는 거였어요!!!,2
89,1,2,신기 그리고 떡이 쫀득쫀득해서 너무 맛있었음,1
89,1,3,물어 묶은 어묵 국물이 예술입니다,1
89,1,4,그리고 안에서 기념품 같은 것도 팔아요,1
90,1,1,내가 그동안 먹어본 소머리국밥 중에 제일 맛있음.,1
90,1,2,국물이 정말 진해요.,1
90,1,3,맛은 완전 보장하지만 주차가 힘들고 식사시간대에 가면 대기표 끊습니다.,0
90,1,4,그래도 기다려서라도 먹을 정도로 맛 집이에요.,1
91,1,1,깔끔하게 맛있음!,1
91,1,2,코로나로 룸이 있는 곳이 더 소중해졌다,2
91,1,3,"요기는 6인석이 있는 룸이 있다 서비스도 좋고, 평양냉면이 깔끔하게 맛있다!",1
91,1,4,육수 맛도 좋고 아무 간도 하지 않아도 좋다  만두는 슴슴하지만 평범한 편이다 개별 룸있는 평양 맛집 추천 추천,1
92,1,1,맛 집인 스타  tastekimsolo 항상 궁금했다.,2
92,1,2,의정부를 들르면 평일이고 주말이고 늘 긴 웨이팅이 서있던 곳이니까.,0
92,1,3,비 오는 평일 줄이 없길래 쇽 들어가 봤다.,2
92,1,4,"기본 찬인 선짓국 먹어주고, 막걸리 한잔하고 있으니 메뉴가 대령이다.",2
92,1,5,자르지 않은 원초적인 내장 비주얼이 오히려 좋다.,1
92,1,6,"1차로 잘라가며 구워주시고, 어느 정도 먹었다 하면 부추를 넣어서 2차로 구워주신다.",2
92,1,7,깨알같이 식빵으로 기름기 제거는 옵션이다.,2
92,1,8,"떡부터 시작해서 다양한 특수부위가 함께 나오는데, 특히 꼬들꼬들했던 유창이 인상 깊었다.",2
92,1,9,곱창도 기름지고 그 수 우니 만족.,1
92,1,10,부위별로 어울리는 장도 추천해주시고 서비스는 참 좋다.,1
92,1,11,양념 부추를 넣고 볶으면 양념의 달달함이 곁들여져 더욱 좋다.,1
92,1,12,"2인으로도 제법 배가 차서, 볶음밥으로 마무리했다.",1
92,1,13,"추가 주문은 2인분부터 가능하고, 사람이 많아 앉는 시간에 제한이 있다.",0
92,1,14,이 부분은 참조.,2
92,1,15,가격  깡통 생곱창 구이 20000,2
93,1,1,일단 양이 푸짐함 왕만두 속이 꽉 겉절이 김치가 입맛을 당기게 함,1
93,1,2,초계에 칼국수에 닭고기 고명이 잔뜩,1
94,1,1,스콘이 맛있는 카페.,1
94,1,2,커피는 무난하고 아아보단 플랫 화이트가 더 맛남.,1
94,1,3,스콘 종류가 다양하니 플레인만 먹지 말고 딴 것도 골라 먹어보길.,2
95,1,1,기대를 안 하고 갔는데 생각보다 맛있었음,1
95,1,2,메뉴들이 담백하고 깔끔함 뒤 타워에서 식사한다면 한 번쯤은 가볼 만한 곳,1
96,1,1,시립대 근처에서 간단하게 피맥 하기 좋은 곳.,1
96,1,2,도우가 기본적으로 갈릭 크러스트라 고소하고 맛났던 게 인상 깊네요.,2
97,1,1,고기를 직접 구워주시고 사이드 반찬과 괜찮은 조합을 만들어서 접시에 올려주시는데 그렇게 먹으니 참 맛있더라고요,1
97,1,2,웨이팅이 헬의 긴 하지만 타이밍 좋게 웨이팅 얼마 안 하고 먹을 수 있다면 적극 추천,1
98,1,1,마라탕이란 이런 것이다!라는 느낌의 맛이었어요.,2
98,1,2,"재료를 선택할 수 없는 점은 아쉬웠지만, 듬뿍 들어있는 각종 야채와 양고기가 훌륭한 양고기 마라탕 10,000이 정말 존 만이었습니다.",1
98,1,3,"꿔 바로 우 12,000도 그만큼은 아니지만 맛있었어요!",1
99,1,1,여자 혼자 여행 중  진짜 배고파 죽을뻔했는데 다 2인분씩 주문이던지 사장님 장 보러 가셨다나? 여기저기 다 튕기다   한인옥 갔는데 사장님 친절 음식 깔끔 국물 리필 시 국물만?,2
99,1,2,노노 소고기뭇국 하나 더 주시는 느낌 각상마다 김 있으면 드시면 됨,2
99,1,3,아르바이트생들이 빠릿빠릿함 대기하는 고객들 없는데도 착착 정리 군산 오심 꼭! 드시라 하고 싶음!,1
100,1,1,애호박 고추장찌개 얼큰함.,1
100,1,2,병어회 고소함.,1
100,1,3,이상 미식가의 솔직한 맛 평가,2
101,0,1,베스트셀러라고 하는 건 다 사 먹었는데 줄 서서 왜 사 먹은 거지 생각들 정도로 별로예요,0
101,0,2,특히 대파 빵은 맛이 별로..,0
102,0,1,한우랍시고 비싸다.,0
102,0,2,된장찌개 맛이 짜기만 하다.,0
102,0,3,틀어주는 오페라 음악만 아니면 별 한 개도 아깝다.,0
103,0,1,메뉴판이 죄다 영어_ 넌 왜 한국이냐?,0
103,0,2,우리는 한국말 하면 안 되냐?,0
103,0,3,영어로 쓸 거면 외국 가라 우리가 왜 외국인들에게 영어로 해줘야 함?,0
103,0,4,우리나라 왔으면 한국말로 씨불여야지 외국인들이,0
104,0,1,여기 시스템 정말 이상함.,0
104,0,2,추가 주문이 안된다니,0
104,0,3,그리고 사실을 말하면 댓글 삭제까지 합니다,0
104,0,4,맛은 나쁘진 않음,1
105,0,1,따뜻하게 먹을만한 국수,1
106,0,1,강릉에 이쁜 카페가 너무 많아서… 굳이,0
107,0,1,여기 아직도 쿠킹호일이에 음식 올려서 냄? 알루미늄도 중금속입니다,0
107,0,2,여러분 저렇게 쿠킹 포일에 음식 데워 먹는 거 계속하면 조기 치매 옵니다 가지 마세요,0
108,0,1,꿔바로우는 질기고요 ...,0
108,0,2,새우 딤섬 세트는 ... 너무 오래 찌셨어요 ...,0
108,0,3,미식가는 아닌데 저는 다시 가고 싶지 않네요 ...,0
109,0,1,시그니처 커피가 맛이 없어요,0
109,0,2,브라운 라테인데 우유가 아니라 물탄 느낌  차라리 딸기 라테가 괜찮았습니다...,0
109,0,3,소품들이나 건물 외관은 예뻐요,1
110,0,1,삼성동 경천 애인 2237 변함에 대한 아쉬움만 가득했던 식사 1. 경천애인은 개점 초기에 좀 다녔다.,0
110,0,2,철판에 고기를 직접 구워주셔서 인상이 깊었는데 더 인상 깊었던 점들이...  레이저건 같은 총으로 철판 온도를 측정하고  칼을 이용해 고기를 잘라주시고  큰 콩 레몬을 짜서 비벼 먹는 파무침  통으로 주시는 맛있는 마늘장아찌  누룽지를 직접 누르고 미나리 한 단을 직접 넣어 볶아주는 볶음밥  참신한 치즈 소스  독특한 식기들  술을 팔지 않고 마시고 싶은 술을 직접 가져오는 홀키지 프리 시스템 등등 당시에는 정말 획기적인 시도였고 신박 그 자체였다.,1
110,0,3,물론 21일간의 저온숙성 한우 역시 맛이 있었다.,1
110,0,4,2. 이런저런 사정으로 거의 5년 만에 방문한 경천애인은 프로야구 40대 노장처럼 의욕은 넘치나 에이징 커브를 극복하지 못한 애잔한 모습이었다.,0
110,0,5,"그 맛있던 반찬들은의 허무한 맛으로 변했는데, 특히 이 집의 자랑이라는 섞박지는 겉은 무르고 속은 익지 않은 쌩무였고 컴플레인을 하는 우리 일행에겐 서버의 대답은 한결같이 제가 먹어보고 드리지 않아 맛이 없을 수도 있습니다...",0
110,0,6,실소를 자아낸다.,0
110,0,7,"반찬들이 전체적으로 저염으로 간 것 같이 간이 부족한데, 건강식의 지향도 좋지만 이 정도의 라면 먹고 싶지 않은 음식이 돼버린다.",0
110,0,8,3. 고기의 퀄리티도 만족스럽지 않다.,0
110,0,9,숙성을 하는 고기들이기 때문에 A 고기는 아니다.,0
110,0,10,그렇다면 숙성으로 인한 연한 육질과 분해된 아미노산에 의한 감칠맛의 활성화가 느껴져야 하지만 고기도 맹맛이고 심지어 질기기까지 하다.,0
110,0,11,경천애인은 굽는 서버의 스킬이 중요한데 서버의 스킬 때문에 질겼을 지도 모르겠다 4. 왜 그렇게 변했니?,0
110,0,12,식사 후 이런 느낌이다.,2
110,0,13,5년간의 치열한 경쟁 속에 다른 많은 경쟁자들은 새로 등장하고 쑥쑥 성장하는데 오히려 이곳은 퇴보다.,0
110,0,14,이제 나의 식당 리스트에서 경천애인은 제외가 됐다.,0
111,0,1,정말 불친절해서 별 1개도 아까움,0
111,0,2,포장 계산하는 직원이 손님한테 갑질함,0
112,0,1,너무 지저분해요..,0
112,0,2,가게 들어서자마자 냄새도 많이 나고 앞치마도 다 지저분하고 비위생적임.. 아저씨도 불친절하고 맛도 그냥 그렇고 완전 비추.,0
113,0,1,종업원 교육 좀 해라.,0
113,0,2,아니면 사장부터 개판이라서 안되는 건가?,0
114,0,1,양이 너무 적어요,0
115,0,1,여기 안 좋은 리뷰는 다 지우는 곳입니다.,0
116,0,1,음식은 맛있다.,1
116,0,2,다만 러닝만 걸치고 다니는 할아버지와 할머니 주인분들이 조금 불편하다.,2
116,0,3,요즘같이 더운 날에도 식당에 사람이 많지 않으면 에어컨을 틀어주지 않아 땀을 뻘뻘 흘리며 먹었다.,0
116,0,4,결과적으로 다시는 안감.,0
117,0,1,그냥 그냥저냥 함,0
118,0,1,어제 갔는데 도로 나왔어요,0
118,0,2,입장료를 받기 시작했는데 6000원이더군요,2
118,0,3,신랑이랑 커피 마시러 갔는데 커피 두 잔 시키려면 15000원이고 입장료 12000원이면 27000원을 내야 하는데 어이없어서 그냥 왔어요,0
118,0,4,그 정도 가격 받을 곳은 아니라고 생각해요,0
118,0,5,입장료에 음료 한 잔이  추가된 것이면 이해하겠는데..,2
118,0,6,가격이 바가지라고 생각이 들었어요,0
119,0,1,네타.,2
119,0,2,비려.,0
119,0,3,샤리.,2
119,0,4,말랐어.,0
119,0,5,간 안 돼있어.,0
119,0,6,차가워.,0
119,0,7,이 리뷰를 본 여러분 만 오천 원 버셨습니다.,0
119,0,8,만 오천 원은 아프리카 난민에게 기부합시다.,0
120,0,1,주방에 있는 분이 마스크 안 하고 음식 만듦...,0
121,0,1,호불호가 절대적인 맛인가 봅니다,2
121,0,2,생활의 달인 보고 찾아간 곳인데 기대가 너무 컸는지  3주간 마제 소바만 판다고 되어있고요,2
121,0,3,오늘 비가 와서 11시 좀 넘어갔는데 겨우 웨이팅 없이 착석했어요,0
121,0,4,제가 그 테이블 첫 손님인데 테이블에 먼지랑 음식 찌꺼기가  구석자리여서 청소를 잊으셨던 건지 셀프로 물 티슈 꺼내서 닦고 주차할 곳도 없어서 한참 돌다 남의 가게 앞에 주차하고 겨우 왔고요,0
121,0,5,마제 소바 기본이랑 고기 들어있는 마제 소바 하나씩에 차슈량 계란이랑 파 토핑 얹었는데 파는 안 올리는 게 낫겠더라고요,0
121,0,6,계란은 맛있긴 한데 너무 비싸고 차슈는 보통 파는 넘 질겨서 별로였어요,0
121,0,7,마제 소바 맛은... 제 입에는 전혀 안 맞았어요,0
121,0,8,너무 느끼하고 짜고 면이랑 토핑도 안 어울리는 것 같고 결국 뒤적거리다가 반 이상 남기고 나왔네요,0
121,0,9,이런 적 없는데  신랑도 웬만하면 다 잘 먹는데 이건 별로라고 순한 맛은 짠데도 맹숭해서 진짜 별로였어요,0
121,0,10,기본 맛도 큰 차이는 없더라고요,2
121,0,11,매운맛 시킬걸 그랬나 봅니다,2
121,0,12,먹는 내내 왜 이렇게 커피가 당기던지 맛있게 먹는 법 보고 따라 해봐도 뭐 그 닭 맨 마지막에 밥 비벼 먹으니 좀 낫더라고요,0
121,0,13,개인적으로 이 면보다는 밥이 더 잘 어울리는 것 같아요,2
121,0,14,집 근처 티브이 나온 맛 집이라 한번 가본 건데 또 가고 싶진 않네요,0
121,0,15,나올 때 보니 웨이팅도 엄청 많네요,0
121,0,16,테이블 자리가 많지는 않은데 면 삶는 기계가 6구짜리라 10분씩 텀이 있어서 기다리는 거랍니다,0
121,0,17,음식이 단출해서 자리 빠지는 건 금방 빠져요,1
122,0,1,여기가 왜 맛 집인지 모르겠음.,0
122,0,2,초등학생 입맛인가.,0
122,0,3,서비스도 별로. 가격은 높더라.,0
122,0,4,재방문 의사 없음,0
123,0,1,런치 방문 메뉴 구성이 전반적으로 약한 느낌,0
123,0,2,헤드 셰프님의 접객이나 초밥 자체는 맛이 좋음,1
124,0,1,2019.10.27 직원들 불친절 끝판왕,0
125,0,1,그을음 냄새가 심하네요,0
126,0,1,오랫동안 가던 곳인데..,2
126,0,2,1년 정도 만에 다시 갔더니 맛이 변했더라고요.,0
126,0,3,원래 사장님이셨던 할머니는 안 계시고 다른 분이 계셨는데 그래서 맛이 바뀐 건가 싶기도 하네요..,2
126,0,4,꾸덕꾸덕한 느낌이 1도 없이.. 덜 졸여서 맛이 그냥 그랬어요,0
126,0,5,그리고 원래 감자떡이었는데 밀가루로 바뀐 것 같아요,2
126,0,6,이 집만의 특색을 버린 거 같아 아쉽네요.,0
126,0,7,오랜만에 찾아갔다가 왕 실망하고..,0
126,0,8,앞의...,2
127,0,1,수박주스 8천 원 받고 싶으면 씨라도 발라서 갈아주던가 빨대로 빨 때마다 씨가 입에 더 많이 들어옴,0
127,0,2,하 짜증 커피도 한 잔에 7500원 어이없는 값   다신 안감,0
128,0,1,대기가 항상 많아서 맛 집인 줄 알고 마음먹고 기다렸어요.,0
128,0,2,"남은 테이블도 많고 종업원도 많은데 빠른 테이블 정리, 안내가 안되는 이유는 무엇인지 정말 궁금하네요.",0
128,0,3,"곱창 단품 주문은 안 받으시고, 사진은 모둠 4인분입니다.....",0
128,0,4,"모둠인데 곱창 한두 줄, 대창 몇 개가 다였어요",0
128,0,5,"다 타가는데도 뒤집어주지도 않고, 가위도 안 주시면서 잘라주지도 않으셔서 참....",0
128,0,6,실망했습니다.,0
128,0,7,대파 김치는 듣던 대로 맛있었어요,1
129,0,1,음 여기 너무 크고 정신없어 예쁘게 하긴 했는데 깔끔하진 않아,0
130,0,1,별 반 개도 아까움,0
130,0,2,전화로 영업시간 문의 후 밤 10시까지  영업한다 하여 밤 8시 30분까지 갔더니 왜 왔냐는 듯 보고  9시 넘으니 불 끄고 심지어 퇴근하는듯하더니 직원들 다 줄줄이 앉아서 우리만 기다림,0
130,0,3,음식은 시든듯한 민어회에 초무침은 식초를 들이부은 듯 시고 민어 전흔 남이 먹다 남은 민어회를 전으로 만든듯하고 홀 주방 아주머니들은 마스크 다 벗고 일하고 홀 ...,0
131,0,1,소문난 잔칫상에 먹을 거 없음.,0
131,0,2,화장실 냄새가 1층까지 들어옴.,0
131,0,3,저녁에 가면 빵 없음,0
131,0,4,옆 새로 생긴 베이커리 카페 가는 게...,0
132,0,1,짬뽕은 별로네요.,0
133,0,1,"다른 곳에서 볼 수 없는 독특한 분위기가 좋으나, 테이블이 작고 의지도 불편하며 음악소리가 너무 커서 시끄럽습니다...",0
133,0,2,"맞은편 혜민 당예서는 디저트를 판매하고, 커피 한약방의 커피를 들고 가서 앉아도 됩니다.",2
133,0,3,어쨌든 빨리 커피 마시고 일어나야 할 것 같은 분위기라 그런가 테이블 회전율은 좋았네요.,1
133,0,4,커피는 맛있었지만 필터 커피 아이스로 주문했더니 미리 커피를 얼려놓아...,0
134,0,1,알바 느려터짐,0
135,0,1,삼선짜장 9000원 가격에 비해 완전별로 안 먹는 게 나음 유니짜장 7000원 짜장 범벅이 더 맛있음,0
135,0,2,찹쌀탕수육 이것만 맛있음,1
135,0,3,중요한 게 찹쌀탕수육 안에 머리카락 2줄 나옴 팩트,0
136,0,1,최악!,0
136,0,2,고속도로 휴게소 분위기.,0
136,0,3,그럴듯한 조형물 하나에 플라스틱 테이블 온통 종이컵 비싼 커피값 맛도 별로 양도 적은 매우 비싼 자판기 커피.,0
136,0,4,들어가자마자 1인 1메뉴 외치는 불쌍한 알바들.,0
136,0,5,귀 어두우신 노년의 단체 손님 피해서 들어온 실내 좌석엔 곳곳에 거미줄.,0
136,0,6,다시는 절대로 안 가고 싶다!!!,0
137,0,1,엄청 바빠 보이지도 않았는데 음식 시키면 나오는 건 1시간.,0
137,0,2,원래 별로면 리뷰 안 남기는데 여긴 너무 별로여서 남겨요 브런치 카페지만 브런치가 맛이 없는 기적 차라리 브런치 드실 거면 샐러드만 드세요,0
137,0,3,제발 비싸고 맛없고 시간 오래 걸리고 삼박자가 골고루,0
138,0,1,맛                분위기         재방문의 사 런치 메뉴 13800 가락국수 세트.,2
138,0,2,나가사키 가락국수 6pc 그냥 딱 온 밥하러 온 사람에게 팔기 위한 메뉴 달다.,2
138,0,3,달아..,2
138,0,4,그냥 단 초밥.,0
138,0,5,사리에 수분 끼노 없고..,0
138,0,6,찹쌀인 줄..,2
138,0,7,광어의 쫄깃함 제로 그냥 부드럽고 부드럽고 달달함.,0
138,0,8,소고기?,2
138,0,9,와규 초밥은 역시 조미료 맛이지!,2
138,0,10,매콤 달 달 짠 짠 의 최고봉.,2
138,0,11,새우초밥의 사리를 보니까 나도 조금만 교육받으면 만들 수 있을 듯.,0
138,0,12,왜 인기 있는지 모르겠다.,0
138,0,13,혼자 가면 아무 서비스 없이 그냥 초밥과 샐러드만 나오는 곳이니 온 밥 하시는 분들은 참고.,0
138,0,14,후식 없음.,0
138,0,15,두 명 이상은 뭐 주던데 메밀이랑 가락국수랑 후식까지 삼성 쉐르빌 지점을 방문,2
139,0,1,잘 먹자 어찌 됐든 밥 챙겨 먹자.,2
139,0,2,그저 사는 게 아닌 잘 먹는 것이 잘 삶이다.,2
139,0,3,때론 밥 먹자 한마디가 위로다.,2
139,0,4,힘내자 화요일!,2
139,0,5,물회가 생각나,2
139,0,6,나름 유명하다는 영도 제주은행 부근 포항물회 일번지를 방문했다.,2
139,0,7,한 상 받아보곤 도무지 이해가 안 된다는 생각뿐이다.,0
139,0,8,물회에 들어간 고기는 잘게 썩어 식감조차 느껴지지 않으면 비벼서 한입 먹으니 쉰내가 코와 입을 자극한다.,0
139,0,9,서빙 이모에게 컴플레인을 거니 원래 이런 맛이란다.,0
139,0,10,식초가 들어가서 그렇다는데 식초가 쉰내를 유발할 수 있는가?,0
139,0,11,따라나온 매운탕?,2
139,0,12,고기랑?,2
139,0,13,정체 모를 국물은 멀거니 소금으로 간이 되었다.,0
139,0,14,찬들도 하나같이 성의 없어 보이며 그흔한 배추김치조차 나오지 않는다.,0
139,0,15,초심을 잃은 건지 애초부터 이런 푸대접 같은 곳이었는지 잘 모르겠으나 한 끼 1만 원 지급하고 먹는 방문객으로서 만 원의 가 버찌가 너무도 의미 없이 느껴진다.,0
139,0,16,그 물가 비싸다는 부산 송도 암남동의 수많은 물회를 들여다보면 냉면 사리에 살얼음이 들어가 만 원의 행복을 느낄 수 있다고 되짚어 감사히 느끼게 해주는 집이었다.,0
139,0,17,특이한 나의 식성 기준이니 판단은 각자 알아서. . . .,2
139,0,18,부산 맛 집 추천 부산 맛 집 베스트 부산 여행코스 부산 여행 맛 집 부산 먹거리 투어 부산 핫 플 부산 핫플레이스 부산 맛 집 정보 부산 맛 집 탐방 부산 맛 집 여행 부산 술집 추천 부산먹방여행 영도 물회 물회 핫 플 부산 맛 집 영도 맛 집 포항물회 일번지 영도구 맛 집 매운탕,1
140,0,1,저는 아보카도를 별로 안 좋아해서 무화과 샌드위치를 먹었어요.,2
140,0,2,다양하게 채소 토핑이 있을 줄 알았는데… 아니더라고요.,0
140,0,3,사이드를 따로 주문하지 않으면 양이 아쉬워요.,0
140,0,4,자리도 좁은 편이라 불편했습니다.,0
140,0,5,새우 아보카도로 재방문해보겠습니다,2
141,0,1,카페라테  제 입맛엔 싱거웠어요,0
141,0,2,서비스나 매장 환경 등은 참 좋지만 아성에 비하면 커피 맛은 아쉽네요,0
142,0,1,그냥.... msg 범벅.,0
142,0,2,학원 다니며 어쩔 수 없이 사이사이에 먹는.,0
142,0,3,옆에 있는 함흥면옥인가 하는데랑 맛 비슷한데 지리적 입지가 좋아서 항상 장사는 잘 되는 느낌. 자극적이고 대중적인 느낌의... 그저 그런 곳,0
143,0,1,가보면 왜 1점도 아까운지 압니다.,0
143,0,2,특히 휴일에.,2
143,0,3,이런 수준인데도 사람들 와글와글 많은 게 신기.,0
144,0,1,방문 전날 예약하려고 공손히 전화드리니 남직원이 엄청 툭툭대는 말투로 말해서 당황함.,0
144,0,2,"예약은 안 된다고 했는데, 가보니 예약석이 떡하니 있었고 계속 비어있었음.",0
144,0,3,근데 왜 예약이 안 된다고 했는지...,0
144,0,4,사정은 그들만 알겠지만 절대 친절한 느낌은 아님,0
144,0,5,"그리고 설거지를 제대로 안 하는지 본인과 일행 나이프, 포크에 뭐가 묻어 있었음.",0
144,0,6,덕분에 아주 찝찝하게 식사...,0
145,0,1,자리가 텅텅 비었는데 여기 경복궁은 점심특선 및 식사 메뉴를 안 받음!,0
145,0,2,어디 표시도 안 되어 있고 코스만 된 데서 바로 나옴 어이없는 곳임..,0
146,0,1,존 나 큼,2
146,0,2,운동장 같음.,2
146,0,3,그게 끝임 ...,0
146,0,4,불법주차 추천함,2
147,0,1,좀 불친절함,0
148,0,1,이런 곳이 제천 대표 맛 집인 거 이해 안감 그냥 티브이에 몇 번 나온 음식점 여기보다 맛있는 곳 많아요,0
149,0,1,맛이 너무 없어요.,0
150,0,1,도대체 왜 비싼지 모르겠다 반찬은 미리 다 쟁반에 올려놓은 거 바닥에 쌓아놨다가 손님 오면 들고 오는데.. 난 그 바닥에 깔아 놓은 게 깨끗해 보이지 않더라,0
151,0,1,저는 불호..,0
151,0,2,절대 다시 안 사 먹어......,0
152,0,1,우리 동네 만둣집이 훨씬 더 신선하고 맛있는 거 같아요..,0
152,0,2,전자레인지에 다시 데워먹어야 한다니...,0
152,0,3,냉동만두와 다를 게 뭔지,0
153,0,1,진짜 너무 할 정도로 좁고 작다...,0
153,0,2,예쁜 카페긴 한데 너무 좁아서 예쁘고 자시고 할 것도 없음...,0
153,0,3,고양이,2
153,0,4,귀여움...,2
154,0,1,정전 때문에 음식 웨이팅 되고도 사과 하나 없이 테이블마다 서비스 차별하네요,0
155,0,1,재밌는 조합의 젤라또! 맛은 있었으나 직원들이 무례함.,0
155,0,2,같이 간 인원들도 불쾌해 하며 일부러 찾아온 걸 후회했음.,0
155,0,3,아르바이트생 같은데 관리가 안 되는 듯.,0
155,0,4,다신 가고 싶진 않음.,0
156,0,1,식탁보가 너무 더러움...,0
156,0,2,그리고 옷에 흘리지 말라고 주는 수건 같은 거 있잖아요,0
156,0,3,명칭을 모르겠는데 하여튼 거기에 음식물 찌꺼기 있었음...,0
156,0,4,나머지는 다 좋았는데 위생에 좀 신경 쓰지 싶었음,0
157,0,1,도로 하나 특선하나 시켰는데 이렇게 주실 거면 은행 골라 하지 말아야죠..,0
157,0,2,녹지도 않은 참치에 밥도 그냥 밥이고 두께도 진짜 너무 얇아서 뭐지? 싶었네요.,0
157,0,3,연행 골 갈 거면 여기는 가지 마세요.,0
158,0,1,냉라멘하고 마제 소바를 먹었는데 엄청 맛없고 면도 다 _고 고명과 어우러지지도 않고 아무튼 총체적 난국이었음 다시는 가지 않을 것임,0
159,0,1,갈 때마다 맛이 조금씩 다름.,0
159,0,2,수제비 특히 한 번은 맛있고 한 번은 _,2
160,0,1,음료 가격이 맛에 비해 비싸요.,0
160,0,2,립톤 아이스티를 그렇게 비싸게 팔 이유가 있는지..?,0
160,0,3,직원분들도 그리 친절하지는 않으셨어요.,0
160,0,4,주문을 다 하고 나서야 마감시간 가 30분 남았다는 걸 알려주시네요..,0
160,0,5,전망도 그렇게 특별하지 않습니다.,0
161,0,1,헉 리뷰 보고 갔다가 엄청 실망함 우선 장어 맛 별로고 분위기도 별로고 서비스도 별론데 3점 정도가 적당,0
162,0,1,불친절  자리 불편,0
163,0,1,주문 순서가 뒤죽박죽임.,0
163,0,2,오늘이 두 번째인데 처음 갔을 때에도 나중에 온 테이블이 먼저 서빙 받았는데 그냥 그냥 넘어갔었는데...,0
163,0,3,오늘 포장 주문하고 15분 걸린 데서 20분쯤 도착하니 5분 더 기달 리라고 한다.,0
163,0,4,내 걸로 나온 걸 다른 손님에게 전달한 것으로 의심됨.,0
163,0,5,순서를 바꿀 수는 있는데 의견을 물어보던지 아니면 적어도 도착하면 바로 줄 수 있게 처리하는 게 당연한 것 아님? ...,0
164,0,1,그냥 그랬음..,0
165,0,1,몇 번에 갔을 때는 진짜 맛있었는데..,0
165,0,2,체인점 생기고 그러더니 맛이 변했네요..,0
165,0,3,빵도 너무 딱딱하고 퍽퍽하고 치즈는 고무 같고 고기는 왠지 기분 나쁜 느낌이에요..,0
165,0,4,뭐가 들어있는지 모르겠는 느낌... 가지 마세요...,0
166,0,1,진짜로 별로입니다,0
166,0,2,친절 빵점입니다,0
167,0,1,시베리아산 명란 젓 같은 식당,2
168,0,1,빵 구성이 한두 번 먹고 더 이상 메리트가 있나 의문.,0
168,0,2,페이스트리가 90프로 이상이라 페이스트리만 좋아한다 하지 않는 이상 굳이 자주 갈 메리트도 없고 뺑이 쇼콜라는 특히 맛없음,0
168,0,3,조각 케이크는 7천 원인데 그만한 가치가 있는지 모르겠음,0
168,0,4,방순이라서 빵 많이 먹으러 다니는데 주변에 빵 카페 나폴레옹 브레드 앤 밀 핑그르 파티세리 소나 등 많아서..,0
168,0,5,특히 기본이 안 되어있는 집 우연히 사장 태도 보고 다신 안 가야겠다고 생각함 동네 장사라는 걸 생각하셔야..,0
168,0,6,저희 어머니도 거기 친절했던 적 없다고 난 다신 갈 일은 없을 듯 위에 사진 올려놓은 롤 같은 건 옛날 거 같고 시식은 원래 먹지도 않지만 빵마다 있는 것도 옛말인 듯,0
169,0,1,50분 기다리다 지치고 꼬막 맛은 100점 만점에 60점입니다.,0
169,0,2,다음엔 저는 안 가요,0
170,0,1,"방송 나오기 전에 한번, 최자로드 유명세 치르고 한번 가봤는데 역시 방송으로 손님이 엄청 늘었네요.",2
170,0,2,"툭툭 던지는듯한 접객, 근방 돈가스 가게에서 제일 평범한 맛은 똑같은데 방송 효과로 손님이 기하급수적으로 늘었다는 점에 놀랄 뿐..",0
170,0,3,여기 발걸음하고 최자로드 믿고 확정,2
171,0,1,평이 좋아서 기대하고 평일에 일부러 찾아가 봤는데 마감 시간이 안 되었는데도 마감이라며 손님 안 받음.,0
171,0,2,평일에 손님 많지 않으니 종료까지 시간 보내다가 빨리 닫고 싶은 상황과 마음은 알겠지만.. 주인인지 종업원인지 바깥에 여럿 앉아서 손님 와서 세상 짜증 난다는 불쾌한 표정과 말투로 응대 받은 그 후로는 안 가게 됨.,0
171,0,3,티 안 나게 좋은 말로 응대할 수도 있을 텐데 아...,0
172,0,1,흔히 볼 수 있는 그냥 아웃백 티백 하나로 20잔 정도는 뽑아낸 듯 멀건 디저트 녹차는 에러,0
173,0,1,강원도에서 알면 깜짝 놀랄 맛 미원이랑 설탕을 버무려진 자극적인 맛,0
174,0,1,장사하려면 알 바 교육이나 똑바로 하세요,0
174,0,2,주문 제대로 받지도 못할 거면 인성이라도 제대로 된 사람을 뽑던가,0
175,0,1,전 다시는 안 갑니다,0
175,0,2,불친절  음식도 별로,0
176,0,1,별내 카페거리에 있는 카페 여럿 가봤는데 여기가 제일 별로였어요,0
176,0,2,1. 맛없음,0
176,0,3,케이크는 겉에 초코가 싸구려 맛. 아직도 이런 초코가 있구나 싶었음.,0
176,0,4,자몽에이드 주문했는데 썬키스트 자몽 소다랑 맛이 그냥 똑같음.,0
176,0,5,색도 똑같고 타 카페에 비해 너무 인공적이기도 하고 알맹이도 없어서 여긴 그냥 시럽만 쓰거나 아님 진짜 썬키스트 자몽 소다를 주는 듯함.,0
176,0,6,아마 후자일 듯.,2
176,0,7,밀크티 주문한 친구는 제자와 맛이랑 똑같이 난다고 함 이 정도면 상습인 듯 2. 인테리어 별로임  개인적으로 인테리어를 중요하게 생각하진 않는데 혹시 감성 카페를 찾으신다면 참고하세요,0
176,0,8,3. 거리두기 안됨,2
176,0,9,안 그래도 내부 좁은데 고객 받는다고 아무 데나 테이블이랑 의자를 다 놔둬서 불편하고 거리두기 하나도 안됨.,0
176,0,10,진짜 코로나 걸리는 거 아닌가 싶을 정도로  4. 구린 포토 스폿  포토 스폿 있는데 체구 작은 성인 여성 2명도 못 들어감  좁아터진 곳에서 사진 찍고 사진 찍어줘야 함,0
176,0,11,심지어 사진도 잘 안 나옴,0
177,0,1,밑에 리뷰 쓴 사람들 프로필 클릭해보면 다 반갱이라는 음식점이랑 같이 5점 줌 리뷰 조작 개극혐...,0
178,0,1,"그냥 그랬,,  더 맛있는 곱전집 많을 거 같다",0
179,0,1,단체로 왔는데 음료수 서비스로 안주는 친절한 곳,0
180,0,1,오늘 처음 디저트 만들어봤다고 어떠냐고 물어봤는데 맛을 안 보고 내놓으셨나..,0
180,0,2,최악의 까눌레였음..,0
180,0,3,게다가 해시브라운은 중간에 감자가 익지도 않음,0
181,0,1,순살치킨 맛 집!!!!,1
182,0,1,별 하나도 아까움,0
182,0,2,인당 5만 원 코스 시켰는데  재료 신선도가 누가 먹다 남은 거 수준이고 ,0
182,0,3,설마 벌써 끝났나?했는데  진짜 끝남..,0
182,0,4,나오는 게 개 별로 없음,0
182,0,5,메뉴 고민 좀 하고 여러모로 발전에 대한 연구가 필요한 곳임,0
182,0,6,리뷰 좀 보시길,0
183,0,1,하..,0
183,0,2,리뷰 믿고 무화과 빵 여러 개 샀다 버림.,0
183,0,3,제 스탈이 건강빵 좋아해서 잘 먹는데 여긴.,0
183,0,4,비추.,0
183,0,5,홍대 쪽으로 가세요,2
184,0,1,짜고 양 적은 음식.,0
184,0,2,음료니 음식이니 나올 때마다 말도 없이 다가와서는 쾅쾅 내려놓는다.,0
184,0,3,친절이고 맛이고 다 필요 없으니 주방에서 마스크 좀 해주시길.,0
185,0,1,1점도 아까울 점수 육수는 다시다 맛이 너무 심함,0
185,0,2,가격도 너무 비쌈 화장실은 야외에 있음,0
185,0,3,직원 불친절,0
186,0,1,별 주기도 아까워요.,0
186,0,2,"옥돔 튀김은 차갑고, 우럭조림 3인분이 작은 거 2마리..",0
186,0,3,돈이 아까워요.,0
187,0,1,해장국은 그냥 보통임.,0
187,0,2,선지를 따로 주는데 선지에 간이 안되어 있음.,0
187,0,3,맛없음.,0
187,0,4,수육을 시켰는데 가격에 비해 최악임,0
187,0,5,"털도 있었고, 맛 집은 절대 아닌 듯 속지 말고 가지 마세요.",0
187,0,6,이 집은 안 가는 게 돈 아끼는 집 레알 후기임.,0
187,0,7,아직도 생각하면 돈 아깝네.,0
188,0,1,장점 이 인 기준 양 괜찮음,1
188,0,2,종류별로 먹을 수 있으면 구워줌,1
188,0,3,단점 숯불로 구웠는데 이 맛이면 생선이 안 좋은 건가?,0
189,0,1,도떼기시장,2
190,0,1,프랜차이즈 다운 가격과 맛이네요.,0
190,0,2,재방문 의사 없음.,0
191,0,1,"맛은 평타인데, 위생관념이 떨어지는 듯..",0
191,0,2,주방에서 마스크던 뭐든 안 끼고 조리를 하다니..,0
192,0,1,"주말에 다녀왔는데 잡채는 쉬고 반찬은 마르고 가격은 12,000원으로 올렸는데 손님이 줄어서 그런가 음식은 예전보다 형편없어졌어요",0
192,0,2,예전에는 음식 괜찮았었는데....,0
192,0,3,아쉽네요,0
193,0,1,주차 불가였음,0
194,0,1,일요일 오전에 방문했어요.,2
194,0,2,"전보다 웨이팅 적어서 좋아했는데, 주인이 바뀌었나...? 싶어요.",2
194,0,3,"결제 시스템도 끝이 아니라 중간에서 포스기에서 카드 꽂아서 결제하는 시스템으로 바뀌었고, 김밥 싸는 속도는 전보다 빨라진 것 같아요.",1
194,0,4,일하는 사람들 얼굴이 전과 다른 느낌이었어요.,2
194,0,5,"유니폼 모자이크 바뀌어서 그런 건지, 일요일이라 그런 건지 아리송하네요.",2
194,0,6,겨울이라지만 김밥이...,2
195,0,1,노 맛임,0
196,0,1,정말 더럽게 맛없습니다!,0
197,0,1,중자 수육  절반이 종잇장 두께  자투리 퍽 퍽 살 준 듯..,0
197,0,2,그래서인지  소자 수육과 별 차이 없다 느낍니다.,0
197,0,3,고기 질  양  지금까지 만족했었지만 이젠 단골 끝.,0
197,0,4,그리고  알루미늄 포일로 싼 김밥  두 줄 포장 용기 값이 천 원이라,2
198,0,1,여름에 더파티 다녀와서 식중독 심하게 걸렸어요.,0
198,0,2,같이 간 친구들도 식중독 걸리고 난리도 아니었네요.,0
198,0,3,회가 문제였는데 회 안 먹을 거라면 더파티 갈 이유가 없네요.,0
199,0,1,가격 대비 고평가 된 브런치 카페...,0
199,0,2,맛은 평범. 분위기는 좋음.,0
199,0,3,커피 맛은 싸구려.,0
200,0,1,"햄버거 맥도날드 이하 시이니 쳐 버거, 아보카도 버거 어니언링 양파링 이하...",0
200,0,2,얇은 양파 껍질에 수준 낮은 튀김 생수 천 원..,0
200,0,3,굳이 찾아가서 맛을 볼 이유 없다고 생각합니다,0
201,1,1,"그냥 맛도 보통이고 맥주고 그냥저냥이나, 가격은 생각보다 비쌉니다 ......",0
202,1,1,주변 경치며 분위기가 단연 선재도 최고네요!,1
202,1,2,전라도와는 다른 느낌에 힐링하고 갑니다,1
202,1,3,여자친구가 너무 좋아해서 만족합니다!!,1
202,1,4,선재도 필수 코스!,1
203,1,1,진짜 맛있었다!!!!,1
203,1,2,양고기와 탕수육 그리고 옥수 수면을 주문해서 먹었다.,2
203,1,3,"양고기는 한 접시만 시키면 미리 구워서 나오고, 두 접시 이상 주문해야 직접 구워서 바로 먹을 수 있다.",2
203,1,4,"미리 구워서 나온 것도 맛있긴 했지만, 직접 구워 먹는다면 더 맛있을 듯.",2
203,1,5,"탕수육은 양념이 특이했고, 안에 찹쌀이 많이 들어가 있어서 튀김옷이 쫀득쫀득 맛있었다.",1
203,1,6,"탕수육 양념이 붉은빛을 띠는데, 새콤달콤한 맛이다.",2
203,1,7,약간 매콤한 맛을 내는 양념이 섞인 것 같다.,2
203,1,8,옥수 수면이 그중에서도 제일 맛있었다.,1
203,1,9,면이 진짜 부드럽다.,1
203,1,10,"식감이 너무 좋고, 김치가 들어가 있어서 느끼하거나 질리지도 않는다.",1
203,1,11,완전 또 가고 싶다,1
204,1,1,밖에서는 좁아 보였는데 들어가니 공간 엄청 넓고 인테리어가 특색 있어서 구경하기 좋았음.,1
204,1,2,음료 맛은 가격에 비해 그냥저냥이었음.,0
204,1,3,음료 사면 맞은편 전시 구경할 수 있다고 함,2
204,1,4,분위기는 여유롭게 즐기기 좋았음,1
205,1,1,가족과 매우 자주 가는 집.,1
205,1,2,튀김 요리를 이렇게 깔끔하게 만드는 집은 서울 내에서 별로 없음.,1
205,1,3,"새우, 히레, 생선 및 가락국수가 포함된 못 모야 정식을 드셔보시고 평가하시길.",2
205,1,4,각각의 소스가 따로 나옴.,2
205,1,5,또한 가츠동도 매우 수준급임. 가장 마음에 드는 건 사과를 직접 갈아 만든 샐러드 소스와 항상 친절한 종업원분들.,1
206,1,1,동파육을 여기서 처음 먹어봐서 비교가 힘들지만 맛있었어요!,1
207,1,1,최고 겨울에 꼭 가 셈,1
208,1,1,비가 와도 가야 하는 집!!,1
208,1,2,1시에 가니까 다른 분들도 꽤 많이 계셨어요.,0
208,1,3,깜빡하고 스탬프 쿠폰을 못 가지고 갔는데 나중에 합칠 수 있다고 하셨어요!!,2
208,1,4,작은 텀블러 들고 갔는데 텀블러에 담으면 스탬프 2개 주십니다,2
208,1,5,버터밀크 스콘은 이 학당만의 특유한 맛이 있어서 또 먹게 되는 것 같아요!!,1
209,1,1,깔끔하고 모던한 밥집이에요,1
209,1,2,쌈밥 정식을 먹었는데 정갈하게 잘 나오는 거 같아요.,1
209,1,3,그리고 맛도 있어요,1
209,1,4,성수동에서 집 밥 먹고 싶을 때 가면 좋을 거 같아요.,1
209,1,5,분위기도 굉장히 모던해서 데이트 코스로 아주 좋습니다!,1
210,1,1,55년 평생에 한 그릇 다 비운 칼국수는 처음이었을 정도로 맛있었습니다,1
210,1,2,직원분들이 조용하고 침착하게 많은 손님을 응대하는 모습이 인상적이었네요,1
211,1,1,보쌈 세트 먹긴 했는데 개별 보쌈정식도 있어서 좋어 것 같아요,1
211,1,2,엄청 맛있어요,1
212,1,1,비싸지만 맛있어서 또 오고 싶은 곳.,1
212,1,2,포장 시 비닐 백 100원 받음.,2
213,1,1,체더치즈 달달한 게 맛있네요.,1
214,1,1,양평 가면 들리는 선지 해장국 맛 집입니다.,1
214,1,2,모델 출신 여욱환 씨가 일하시네요,2
215,1,1,"오짐,, 개 맛있음",1
216,1,1,맛있었지만 서비스가 진짜 별로고 음식 거의 던져줌,0
216,1,2,피순대 자체는 맛있는데 우와 대 박하는 정도는 또 아닌 예상 가능한 맛이라 좀..,0
217,1,1,너무 지나치게 맛있어요..,1
217,1,2,도토리묵도 향 진하고 순두부는 하얗게 지리로 나오는데 아주 맛있어요..,1
217,1,3,그리고 너무 친절한 식당입니다..,1
217,1,4,재방문 꼭 할 거고 추천합니다,1
218,1,1,그냥 기회 되면 가봐야지 하고 있다가 근처에 갈일 생겨서 잠시 들러보았는데..,2
218,1,2,세상에 진짜 한입 먹자마자 저도 모르게 헐 그랬어요...,1
218,1,3,"이곳의 시그니처 커피 인 해, 수염 커피인데 아인슈페너랑 똑같다고 보시면 돼요.",2
218,1,4,다만 프레즐 위에 뿌려지는 것 같은 굵은소금 알갱이가 중간중간 크림을 마실 때마다 씹히는 정도?,0
218,1,5,크림이 쫀쫀하면서 너무 달기만 한 것도 아니고 소금 알갱이의 짭짤함이 풍미를 더 배가시키는 느낌이에요,1
218,1,6,"이건 정말 나만 먹기 아쉬운 맛 저는 아인슈페너 진짜 좋아하는데 크림이 맛없는 곳도 많고, 맛있어도 커피와의 밸런스가 안 맞는 곳도 정말 많았거든요.",1
218,1,7,근데 여기는 밑에 깔린 커피가 전혀 크림 맛을 흐리게 하지 않아요!,1
218,1,8,크림만 먹으면서 정말 달콤 짭짤한 풍부한 맛을 느끼다가 크림과 커피를 같이 마시면 굉장히 부드러운 라테를 마시는 느낌? 아 진짜 충격적으로 맛있어서 놀랐어요..,1
218,1,9,"사실 서울에도 맛있는 커피가 정말 많아서 여행지에서 먹은 커피는 그저 맛있다 하고 기억 속에서 잊히는 경우가 많았는데, 제주에 있는 카페 도를 과 부산의 블랙업 커피는 진짜 계속 생각날 것 같아요!",1
218,1,10,정말 추천입니다!!!!!!!,1
218,1,11,"해, 수염 커피 6,000  사우나? 온천장? 건물 안에 있어서 인테리어나 분위기가 막 엄청 예쁘지는 않았어요, 블랙 우드로 깔끔깔끔한 느낌",0
219,1,1,고기에 육즙이 많아서 부드럽고 맛있었어요!!,1
219,1,2,고기도 다 구워주시니까 편하게 잘 먹었습니다!,1
220,1,1,딱 내 스타일 이자카야.,1
220,1,2,이수에서 약속이 있어서 여기저기 찾다가 결국 걸어가다,2
220,1,3,"바로 앞 이자카야를 가게 됨 쓰지 탕과 삼겹 숙주볶음과 술들 클라우드 생맥, 소주를 시켰다 기본으로 메추리알과 곤 약간 장조림이 달달하게 졸여 나오고 미역무침과 단무지가 나온다.",2
220,1,4,곤약 정말 맛있음.,1
220,1,5,쓰지 탕이 먼저 나왔는데 고기만 들어간 상태로 끓이다가 따로 나온 야채를 넣아주면 된다.,2
220,1,6,고기 많이 들어가 있어서 좋았음,1
220,1,7,삼겹 숙주볶음은 수란과 함께 나온 간장에 찍어 먹는 거라는데 존 마...,1
220,1,8,나중에는 사장님이 새우 튀긴 것을 서비스로 주심 평일 저녁 7시 반쯤 들어갔을 때는 딱 한 팀 있었는데 한 시간 후 자리가 없었을 정도로 장사가 잘 되는 걸로 보였다.,1
220,1,9,여하튼 맛있게 잘 먹었음.,1
221,1,1,꼬치 하나하나 빼놓을 것 없이 맛있다.,1
221,1,2,특히 미디엄 레어로 구운 닭 가슴살이 베스트,1
222,1,1,관악구청 쪽에 있을 때부터 궁금했던 미각 담다!,2
222,1,2,엄마 생신을 맞이해서 방문했는데 탁월한 선택이었습니다.,1
222,1,3,"여러 가지 음식을 맛보고 싶어서 일품요리로 주문했고, 새우곤 약 잡채, 굴전, 우럭 튀김, 한우 차돌 양지 전골 네 가지 메뉴 모두 담백하게 맛있었습니다.",1
222,1,4,"아빠가 음식에 까다로우신 편인데, 방문해본 적 없던 곳을 예약해서 걱정했는데 음식 맛있게 잘 드셔서 더 기분 좋았습니다!",1
222,1,5,신선한 재료를 사용하시는 게 정말 확 와닿았습니다.,1
222,1,6,한 가지 아쉬운 점은 조리 시 환기가 잘 안되는 것 같았어요,0
222,1,7,공간이 넓지 않은데 키친과 분리가 안 되어있다 보니 들어서자마자 후덥지근한 공기가 확 느껴졌습니다.,0
222,1,8,이 부분만 개선되면 더 좋을 것 같아요!,2
222,1,9,오늘 맛보지 않은 요리도 벌써 궁금하네요.,1
222,1,10,조만간 또 방문할게요,1
223,1,1,조개도 신선했고 양도 많아서 아주 잘 먹고 가용!,1
224,1,1,맛있긴 맛있는데 웨이팅 할 정도는 아니고...,0
224,1,2,시스터 필즈 근처는 매장도 넓고 드시고,2
224,1,3,갈 수 있으니 가서 라면이랑 함께 드세요...!,2
225,1,1,출입구가 20년 10년 전과 달라 깜놀  지평 막걸리와 함께 하는 집.,2
225,1,2,예전 말 통솔을 샀지만 오늘은 종류별로 작은 거 10통 큰가 네 통.,2
225,1,3,"두부, 보리밥의 평범함.",0
225,1,4,대신 시래기 취 냉이나물을 보고 비빔 그릇과 고추장 부탁  노포의 정취 물씬,1
226,1,1,"제 단골 중 한 곳인데, 원래는 좌식이었다가 지금은 테이블이라 앉아있기에 더 편해졌어요!",1
226,1,2,그래도 신발은 벗고 들어가요!,2
226,1,3,여기 순대도 진짜 맛있어서 꼭 먹고 옵니다!,1
226,1,4,"감자탕은 말할 거 없이 맛있고요 볶음밥은 밥, 김, 야채 등을 감자탕 국물이랑 볶아요.",1
226,1,5,갈 때마다 직원분들은 늘 친절하셨어요,1
227,1,1,한 줄 평 홍콩의 떠오르는 핫한 딤섬 브랜드.,2
227,1,2,예랑 Pick은 가지 딤섬과 크리스피 창천!,2
227,1,3,홍콩에서 2010년 신성처럼 등장한 오리지널 딤섬 브랜드인 딤딤섬.,2
227,1,4,전통적인 딤섬과 창의적 딤섬을 잘 융합하면서 빠르게 성장.,2
227,1,5,2013년 뉴스 위크지 선정 전 세계 최고의 식당 101곳에 선정됐다고.,1
227,1,6,2016년 한국에는 대구 신세계에 들어온데 이어 부산 서울 등 전국 백화점 몇 군데에 입점해있다.,1
227,1,7,그중 우리는 파리에 스테이션에 들어온 딤딤섬에 3월 초 방문.,2
227,1,8,11시 오픈 시간 후 15분 뒤에 가니 곧바로 손님을 들이는 게 아니라 한두 팀씩 순서대로 입장을 시켰다.,2
227,1,9,11시 25분쯤 입장.,2
227,1,10,"가장 인기가 많다는 크리스 비창 펀과 가지 딤섬에 하가 우, 그리고 구나 적이 먹고 싶다는 광동식 오리구이 쿼터로 주문.",2
227,1,11,주문은 홍콩 현지처럼 메뉴에 자기가 셀프로 체크해서 주문서를 건넨다.,2
227,1,12,아 그리고 오이피클도 추가함.,2
227,1,13,"하가 우도 새우가 튼실하게 들어 탱글하고 맛있었고, 크리스피 창천은 부드러운 창천 안에 크리스피 한 스프링롤이 들어가서 식감이 최고였다 가지 딤섬도 따끈하게 튀긴 가지 사이에 새우가 들어갔는데, 소스 맛도 기가 막혀서 진심 너무 맛있음",1
227,1,14,광동식 오리구이는 의외로 평범.,0
227,1,15,"베이징덕만큼 껍질이 빠삭하지는 않았고, 소스가 무난했다.",0
227,1,16,오이피클 주문한 게 꽤 맛있음...,1
227,1,17,아삭하면서도 고추기름으로 약간 매콤한 게...!!!,1
227,1,18,아 여기 오이피클 맛 집임!,1
227,1,19,"1번까지 리필 가능한데, 그 이유를 알았다",2
227,1,20,"약간 아쉬워서 추가로 마라와는 툰시 켰는데, 이것도 맛있음 마라 소스가 국물처럼 이 아니라 바닥에 끄덕 진득하게 나와서 완탕에 얹어먹어야 한다.",2
227,1,21,생각보다 많이 맵지 않고 적당히 얼얼해서 맛있음!,1
227,1,22,개인적으로 내가 먹은 딤섬 다 추천!!! 다 맛있었음,1
227,1,23,instagram yehrang 먹지 영,2
228,1,1,주문 케이크 했는데 사장님이 잘해주셔서 너무 좋았습니다.,1
228,1,2,센스 있게 데쿠로 마카롱도 해주시고 감사합니다.,1
229,1,1,지인 추천으로 방문했는데 반하고 가요,1
229,1,2,신선하고 깔끔하고 정갈하게 잘 나와 좋네요!,1
230,1,1,매장이 넓고 깨끗해요,1
230,1,2,점심 메뉴로 나오는 뼈해장국도 푸짐하니 맛있습니다,1
231,1,1,면이 굉장히 맛있다.,1
231,1,2,짜장 짬뽕 둘 다 굿굿.,1
231,1,3,탕수육은 요즘 대세인 찹쌀탕수육 꿔 바로 우다.,2
231,1,4,굿굿 라조기는 향신료가 너무 많이 들어가 사람이 못 먹을 지경,0
232,1,1,다 먹고 볶음밥 커피는 선택 아닌 필수입니다.,1
232,1,2,해물 잔뜩 들어간 칼국수 먹을 땐 밀 터가 최고예요,1
233,1,1,양 많고 국물 진짜 맛있다 ,1
233,1,2,예전엔 쌀국수 하나 어지간히 배고프지 않은 이상 다 못 먹을 정도였는데 요새는 양이 조금 줄어든 감이 있다.. 내가 식욕이 늘어서는 아닐 거야,0
233,1,3,여러 명이서 와서 팟타이 쌀국수 롤 나눠먹으면 좋음,2
234,1,1,인테리어가 깔끔하고 사장님이 친절하신 중국집!,1
234,1,2,매장도 시원하고 음식도 맛있다.,1
234,1,3,저렴한 가격 12천 원 15천 원에 다양한 요리를 판매하고 있고 화교가 운영하는 집답게 만두도 직접 매장에서 빚는다!,1
235,1,1,분위기가 음식값 맛은 쏘 소 양은 사악.,0
235,1,2,사이드 주문 추가 필수 계산대 가기 전에 배 꺼짐,0
235,1,3,분위기는 좋음,1
236,1,1,여기는 만두전골 맛 집임,1
236,1,2,보쌈 막국수는 그냥 평타인데 만두전골이 대박임..,1
237,1,1,"칼국수 메뉴는 닭 국물의 양평 칼국수, 멸치 국물의 멸치칼국수 두 가지 매콤한 김치가 중독성 있음",1
237,1,2,칼국수에는 김가루 외에 다른 고명은 없고 작은 공깃밥이 하나 딸려 나옴,2
238,1,1,밀푀유 하나만으로도 찬양받아야 할 곳.,1
238,1,2,옛날 샘밭막국수 건너편에 자리를 잡아서 개업한 극 초기부터 다녔던 곳이에요.,2
238,1,3,밀푀유는 위대한 장인 레벨로 인정해주고 싶은 곳이에요.,1
238,1,4,다른 메뉴들이 결코 부족하지 않은데 밀푀유가 너무나 훌륭해요.,1
238,1,5,밀푀유 자체가 원래 맛있다는 분들도 있긴 한데 그냥 달고 조금 바삭해서 맛있는 가게의 것과 이곳의 밀푀유는 상당히 다른 종류의 페이스트리에요.,2
238,1,6,참 텍스트로 옮기기 어려운 맛인데 간단하게 시작해보자면 수백 개의 얇은 팔이 막이 합쳐지면서 단단한 외벽을 쌓고 그 속의 부드러운 한줄기의 커스터드 크림을 헤쳐나가면 또다시 산산이 부서지는 파이의 벽과 거길 감싸는 초콜릿이 입속으로 빨려 들어가요.,2
238,1,7,조금 무식하더라도 꼭 전체 층을 한 번에 다 베어먹어야 이 느낌을 고스란히 간직할 수 있어요.,2
238,1,8,단단하지만 부서지며 입속에서 파열하고 파삭하기까지 한 파이마 속에 달콤하고 부드러운 커스터드가 지나가는 그 식감은 너무나 완벽해요.,1
238,1,9,특히 가장 밑바닥의 초콜릿 조각으로 인해 너무 바삭해서 건조하게까지 느껴질 수도 있는 식감이 단단하게 잡히는데 참 놀라운 디테일이었어요.,1
238,1,10,버터 향 폴폴 흩날리며 갖은 달콤함이 뒤섞이는 아름다운 케이크라는 생각이에요.,1
238,1,11,만드는 정성도 그리고 기본적인 형태의 밀푀유를 맛있게 만드는 것도 어려운데 이 정도의 베리에이션을 이만한 수준으로 조화롭게 풀어낸다는 건 참 대단한 것 같아요.,1
238,1,12,친구들에게 맛있다 맛있다,1
238,1,13,아무리 칭찬을 하고 먹여도 다들 생각한 것보다 더 맛있다고 하니 참 대단한 케이크구나 싶어요.,1
238,1,14,기다리는 것도 또 멀리 가는 것도 별로 안 좋아하는데 이곳의 밀푀유는 멀리멀리에서 방문해서도 먹을만해요,1
239,1,1,친절하고 좋아요.,1
239,1,2,음식도 빨리 나오고 혼자 가서 1인분 시키기도 눈치 보이지 않고 좋아요.,1
239,1,3,매번 종류별로 돌아가면서 먹어요.,1
240,1,1,"상호는 분명 해장인데, 나갈 때쯤엔 얼큰하게 술에 취하는 모순적인 곳. 이곳의 곱창전골은 곱창 특유의 고소하고 텁텁한 맛에 얼큰하면서 시원한 국물 맛이 더해져 정말 술을 부른다.",1
240,1,2,심지어 끓일수록 야채와 곱이 국물에 녹아들면서 점점 더 맛있어짐..,1
240,1,3,숟가락으로 국물 퍼먹으며 해장하러 왔다가 네발로 기어나가겠구나. 생각했다.,1
240,1,4,마무리로 먹은 볶음밥까지 매우 맛있음..,1
240,1,5,취한다 취해.,2
240,1,6,아쉬운 점이라면 서비스.,0
240,1,7,사람이 많고 붐벼서 직원을 불러 요청하기가 어려웠다.,0
240,1,8,식사를 겸한다면 밑반찬 리필이나 이것저것 요청할 게 많기 마련인지라..,2
240,1,9,"2차, 혹은 3차 장소로 추천.",2
241,1,1,닭갈비 맛있네요,1
241,1,2,막국수도 비벼서 같이 먹으니까 훨씬 좋고요 메뉴 다양한 기 좋네요,1
241,1,3,굿굿,1
242,1,1,샘플러 메뉴가 있어서 다양한 위스키를 맛볼 수 있어서 좋습니다.,1
242,1,2,"분위기도 좋고, 특히 여의도에서 드문 창가 뷰가 좋습니다.",1
243,1,1,간단한 식사 대용으로 사 먹기 좋은 거 같아요,1
244,1,1,꼭 가세요!,1
244,1,2,진짜 맛있었어요,1
244,1,3,이 동네에서 고기로는 탑이네요,1
244,1,4,볶음밥은 메뉴에 없었는데 물어보니 된다 하시더라고요,2
244,1,5,먹어봐야 알아요,2
244,1,6,고기가 다 거기서 거기인 줄 알았는데 진짜 괜찮았어요,1
244,1,7,양삼인 줄 알았는데 생삼이었고요 가격은 12000원인가 13000원이어서 비싼 감이 있었지만 맛있어서 안 아까웠어요,1
244,1,8,일단 한번 가보세요,1
245,1,1,여자친구랑 전역하고 오랜만에 먹는 저녁이었는데 꽃다발 알아봐 주시고 고생했다고 하고 서비스도 왕창 주시고 감사했습니다!!,1
246,1,1,이 근처 사시는 분은 축복받으신 거네요.,1
246,1,2,런치 스테이크 14000. 미디엄 레어.,2
246,1,3,식전 빵은 너무 싱거워서 소금이 필요하네요.,0
246,1,4,"주문하고 15분 정도 기다리는 지루함이 있었지만, 200g 부챗살을 보면 웃을 수밖에 없네요.",1
246,1,5,일단 23 cm의 두께에 가게 유지될지 걱정이 되네요.,1
246,1,6,육즙은 풍부하나 육질은 좀 질긴 편입니다.,0
246,1,7,"부챗살이라서 가운데 심도 있지만, 구성비에 모든 불만이 녹아내립니다.",1
246,1,8,스테이크 소스도 맛있지만 고추냉이와 먹는 걸 추천합니다.,1
246,1,9,디저트인 초콜릿도 맛있었어요.,1
247,1,1,맛있고 친절함 아쉬운 건 홀 알바를 더 써야 할 듯 너무 소통이 잘 안되는 듯,0
248,1,1,by far the best pasta place in seoul!,1
248,1,2,must try their gorgonzola pizza and crab pasta!,1
248,1,3,love their deco!,1
248,1,4,and their prices are good,1
249,1,1,이 맛있다는 곳에서 우리는 포장을 했었고...,2
249,1,2,조리할 곳이 없어 치즈 추가하고 따로 받아 전자레인지에 돌렸지만 역시나 즉석에서 구워 먹는 맛에는 비빌 수가 없었음 근데도 맛있었던 거 보면 맛 집 맞는 듯,1
250,1,1,"저번에 7시쯤 방문했는데 대기가 7팀이라서 포기하고 다른 음식점을 갔던 광명 대창집 이번에는 금요일 저녁 5시 50분에 갔는데 이미 매장이 꽉 차서 대기 1번으로 등록하고 30분 기다려서 들어갈 수 있었다 입구에 대기를 등록하는 기계가 있는데 차례가 되면 카카오톡으로 알림이 간다 구이, 전골, 식사로 나눠져있는데 대창, 막창, 곱창 2 우선 주문 직원이 먹기 편하게 다 구워준다",2
250,1,2,처음 주문할 때 마늘과 고추를 같이 주는데 추가로 주문할 때는 안 준다....,0
250,1,3,김에 부추를 싸서 고추냉이랑 같이 먹으면 맛있다고 하는데 고추냉이를 싫어해서 양념소스만 찍어 먹었다,2
250,1,4,"쫄깃쫄깃하고 잡내도 안 나서 기다린 게 사르르 녹을 정도로 맛있었다 주문한 게 늦게 나오길래 절반 먹기 전에 대창 2인분, 대창 덮밥과 얼큰한 해물짬뽕도 같이 시켰다 다 먹고 좀 기다리니 대상이 나왔다.",1
250,1,5,더 시키려면 직원이 처음에 구워주기 시작할 때 추가 주문을 하는 것을 추천!,2
250,1,6,대창 추가 주문하고 굽기 시작했을 때 7시 10분이었는데 대창 덮밥은 7시 40분에 나왔음,2
250,1,7,밥은 다 식었는데 양념이 대박이라 그런지 진짜 맛있게 먹었다 주문한 게 너무 늦게 나와서 회전율 느리다는 거만 빼면 사장님도 너무 친절하시고 음식도 맛있음,1
251,1,1,차 없이 가기는 힘든 곳!,0
251,1,2,1인당 약 6만 원 정도에 소고기 스테이크부터 치즈 랍스터까지 먹을 수 있는 대 혜자!,1
251,1,3,맛 자체가 엄청 맛있다기보다는 분위기와 구성비 적절한 퀄리티 삼박자가 딱 나오는 곳이다.,1
251,1,4,크게는 소고기 장어 전복 조개탕 치즈 랍스터 랍스터는 살아있는 걸 직접 보여준다...,1
251,1,5,캠핑장 분위기도 물씬 나서 가족단위로 많이 오는 듯 예약 필수!,2
252,1,1,몇 달 전에 본점에서 먹어보고 이번에 강남점을 방문했는데 역시나 맛있어요,1
252,1,2,혀가 데었을 정도로 허버허버거리며 맛있게 먹었습니다,1
253,1,1,"슈림프 시금치 카레, 치킨 카레 주문하고 토핑 더 추가해서 먹었어요",1
253,1,2,살짝 느끼하긴 하지만 그래도 맛있네요!,1
253,1,3,가게 분위기도 좋아요,1
254,1,1,서비스로 주시는 닭똥집 튀김 너무 쫄깃하니 맛나요.!!,1
255,1,1,한남동에 위치한 안마의자가 있는 카페.,1
255,1,2,안마의자 브랜드랑 협업한 카페인가 보다.,2
255,1,3,층별로 개별 화장실 있음.,1
255,1,4,내부도 넓고 깔끔하다.,1
255,1,5,재방문 의사 있음,1
256,1,1,홀키지 프리인 헬로 스시!!,2
256,1,2,지인 소문 듣고 갔는데 뷔페라서 기대 안 했는데 맛있어요!!,1
256,1,3,양도 많고!,1
256,1,4,저는 화랑 스시만 실속 챙겨서 먹었어요 기회 되면 또 오고 싶네요,1
257,1,1,들어가면 화려하고 예쁜 케이크에 정신 나감 지갑이 저절로 열리는 것 같음...,1
257,1,2,시간이 없어서 먹진 못하고 올 케이크만 구매했는데 조각 케이크 너무 맛있어 보였다.,1
257,1,3,올 케이크도 맛있다.,1
257,1,4,순식간에 해치움.,1
257,1,5,9시쯤이었는데도 사람이 북적북적.,1
258,1,1,여기 빵도 맛있고 음료도 맛있어요,1
258,1,2,특히 치즈가 들어간 빵이 많은데 너무 맛있더라고요,1
258,1,3,조각 케이크도 종류가 많아서 골라 먹는 재미가 있어요,1
259,1,1,2017 미쉐린 집구 르망에 올라서 가봤는데 불 맛나는 석쇠 주꾸미로 최고네요,1
259,1,2,단 분위기가 조금 정신이 없습니다,0
260,1,1,바비큐 맛 집으로 눈에 한가득 보이는 비주얼 자태 사이드 메뉴로 고른 3가지도 사이드 메뉴 역할을 톡톡히 하고 훈연한 폴드 포크 훈연 브리 스킷 스모크치킨 모두 각양각색으로 맛있는 바비큐다,1
261,1,1,미들급 그 시야 강자였던 박상호 셰프의 스시시오가 폐업하고 광화문 스시 소라 헤드 셰프 정상윤 셰프의 스시 카이세키로 바뀌어 돌아왔다.,2
261,1,2,"오픈 초기이지만, 시오보다 다소 오른 가격을 상쇄하고자 가능한 최고의 재료들과 구성으로 만족감을 주려 고심하는 흔적과 노력들이 짙게 느껴졌다.",1
261,1,3,차후 안정화 단계에 접어들면 어떻게 변화해갈지 궁금해진다.,1
262,1,1,튀김은 살짝 눅눅했지만 고기의 질이 엄청 좋아서 맛있었다.,1
262,1,2,소금을 달라 해서 돈가스를 찍었을 때 가장 맛있었다.,1
263,1,1,칼칼한 칼국수의 진수 먹다 보면 어쩔 수 없이 과식하게 되는 맛이다,1
263,1,2,두꺼운 면발을 좋아하는 터라 면을 먹을 걸 기대하고 갔는데 면발보다도 국물 맛이 정말 환상적이었다,1
263,1,3,온갖 양념을 아낌없이 넣은 듯 아주 얼큰하고 찌에 인한 맛이다,1
263,1,4,국물로도 모자라 심지어 밑반찬인 겉절이 김치까지 훌륭하다 버섯 건져서 고추냉이 장에다 찍어 먹으면 정말 탱글탱글 맛있는데 김치까지 같이 먹으면 2배 맛있다,1
263,1,5,이 리뷰를 쓰면서도 먹고 싶음..,1
263,1,6,재방문의 사 100!!,1
264,1,1,어린이날 낮에 가서 그런지 비교적 한산했다 국물이 첫 맛과 끝 맛이 다르다 처음엔 음..?,2
264,1,2,끝엔 오..,2
264,1,3,그렇지만 이렇게까지 평이 좋을 맛인가?,0
264,1,4,했는데 역시 고기가 굉장히 부드럽고 맛있다,1
264,1,5,양은 특시켰는데 특이 이러면 보통은 안 시키는 게 나을듯한 양이었다.. 한우라 어쩔 수 없나 고기만 양이 달라,0
264,1,6,지니 위가 크지 않아도 특 시키라고 리뷰에서 봤는데 모두의 지혜에 감사합니다,2
264,1,7,같이 나오는 면은 좀 끊겨서 아쉬웠다 앉아서 주문하고 자리 좀 정리하고 있는데 바로 나왔다 사람이 많아도 회전율이 보통이 아닐듯하다 케이 패스트푸드 인정합니다,1
264,1,8,재방문 의사가 애매하다 이쪽 갈 일이 많다면 국밥 생각날 때 무조건 여기로 올 거 같은데 찾아서 올 정도인진 모르겠다,0
264,1,9,아직 먹은 지 얼마 안 돼서 갑자기 너무 생각나서 먹으러 올 수도 있지만 ..,2
264,1,10,그래도... 든든하게 잘 먹었다,1
265,1,1,신림 짬뽕 정말 맛있습니다,1
266,1,1,"다른 메뉴에 가려진 지는 또 베기 핸드드립 맛 집,,,",1
267,1,1,"서비스도 훌륭하고, 맛도 있었습니다.",1
267,1,2,스키야키 전문으로 파는 곳이 많지 않은데 따뜻한 거 먹고 싶을 때 다시 찾게 될 것 같아요.,1
267,1,3,야채와 계란은 리필이 가능해 기본만 시켜놓고도 배부르게 먹었습니다.,1
267,1,4,마지막엔 가락국수도 주셔서 식사 거하게 했네요.,1
267,1,5,추천합니다.,1
268,1,1,저런 진상을 상대하시는데도 친절하십니다,1
269,1,1,짭짜름 매콤 자극적인 맛.,2
269,1,2,시스템은 여의도 가양 버섯칼국수랑 동일.,2
269,1,3,맛있다!,1
270,1,1,보말 죽 강추,1
271,1,1,여기 모르시는 분들은 없으시죠?,1
271,1,2,양주 최고의 중국집.,1
271,1,3,"보통은 짬뽕 잘하면 짜장 못하고 짜장 잘하면 짬뽕 못하는데,  여기는 둘 다 잘합니다.",1
271,1,4,개인적으로는 여러 사람이 가서 메뉴를 다양하게 시키세요,2
271,1,5,다 맛있는 것 같습니다.,1
272,1,1,다 마음에 들어요. 맛 분위기,1
273,1,1,가게 연기 자욱하나 소주 한잔하기 좋네.,1
274,1,1,나에게 눈꽃빙수의 극한을 알려준 집.,1
274,1,2,"이것 하나면 우리 네 식구가 나눠먹...었었는데, 애들이 크니까 모자라네…",0
274,1,3,하여튼 우유로 만든 부드러운 눈꽃빙수와 아이스크림이 만나 환상적인 식감을 만들어낸다.,1
274,1,4,브런치는 두어 번 먹어보았는데 나쁘지 않다.,1
274,1,5,종업원 교육이 인근 다른 집 대비 잘되어 있는 듯하다.,1
274,1,6,다만 용서가 안되는 딱 한 가지...,0
274,1,7,식당 구조 및 인테리어 문제인듯한데 앞뒤 옆 테이블 모든 사람들의 이야기 소리가 증폭돼서 다 들린다.,0
274,1,8,엄청 시끄럽고 부산하다.,0
274,1,9,천장 방음만 해도 훨씬 나을 듯...,0
275,1,1,가격 천 원에 이 정도면 착하죠,1
275,1,2,씨앗호떡은 다 돌아다니고 마지막에 즐기는 최종 보스 같은 존재,1
276,1,1,인테리어 너무너무 이뻐요,1
276,1,2,다만 주말에 주차 대기해야 합니다,0
276,1,3,근데 기다릴 만큼 또 갈 만큼 너무 이쁘고 음료도 맛있어요,1
276,1,4,빵도 맛있어요,1
277,1,1,맛있어요!,1
277,1,2,"새로운 국밥 맛임  맵지만 칼칼하니 더 좋고, 쓰면서 먹고 싶네요",1
278,1,1,다른 곳보다 약간 더 매워요.,2
278,1,2,재료들이 신선해서 좋았고 꿔바로우 꼭 시켜드세요.,1
278,1,3,독특하면서 맛있습니다.,1
279,1,1,내가 먹어본 돈가스 중에서 단연 1위로 꼽히는 곳!,1
279,1,2,시부야 돈가스는 장미 상가 지하에 위치해있다.,2
279,1,3,찾아가기도 쉽지 않고 인테리어가 예쁜 것도 아니다.,0
279,1,4,"그럼에도 불구하고 점심시간에 바글바글하고, 두세시쯤 재료가 소진되면 문 닫으신다.",1
279,1,5,여긴 오로지 맛으로만 승부하는 곳이다.,1
279,1,6,이거 한번 먹고 나서 평소에도 가끔씩이 맛이 생각날 정도다.,1
279,1,7,심지어 사장님이 단골손님들은 어떤 걸 주문하는지 다 외우신다.,1
279,1,8,엄청 일 잘하시고 친절하시다!,1
279,1,9,안심가스  생선가스  등심 가스  시부야 정식 안심 생선 8천 원 모든 메뉴가 8천 원이다.,2
279,1,10,어떻게 이 맛을 이 가격에 팔 수 있지라는 생각이 들 정도로 구성비 대마왕이다.,1
279,1,11,"바삭하고 부드러운 맛으로, 한입 딱 먹었을 때 입안에서 사르르 녹는 것처럼 부드럽다.",1
279,1,12,직접 먹으면 내가 무슨 맛 하는지 알 거다.,2
279,1,13,내 생각엔 사장님이 고기를 다 망치로 때려서 부드럽게 만드시는 것 같다.,2
279,1,14,튀김은 두껍지 않고 고기를 얇게 둘러싼 느낌이다.,1
279,1,15,근데 바삭함!,1
279,1,16,이게 또 포인트다!,2
279,1,17,다음에 포장해서 울 가족들 먹이고 싶을 정도로 맛있다.,1
279,1,18,바라는 점은 사장님이 돈독이 올랐으면 좋겠다.,1
279,1,19,그래서 저녁까지 해주셨으면 좋겠다.,1
279,1,20,"평일 점심 위주로 영업하시고 주말은 토요일 낮에 닫고, 일요일은 아예 영업을 안 하신다 그럼에도 불구하고 무조건 어떻게든 또 갈 거다!",1
280,1,1,너무 힐링 됩니다.,1
280,1,2,자주 오고 싶은 곳입니다.,1
281,1,1,평양에 평양냉면이 있다면 진주엔 진주냉면이 있다고 합니다.,1
281,1,2,"진주냉면은 제주도에서 재배한 흙 메밀로 면을 뽑아 진한 메밀 향음 느낄 수 있으며, 함께 먹는 쇠고기육전에 맛은 가히 일품이라고...",1
281,1,3,"진주 또는 통영, 남해로 여행을 가시는 분이 계시다면, 가는 길에 있는 진주에 일부로라도 시간 내셔서, 하얀 옥을 방문해 진주냉면과 쇠고기육전을 맛보시길...",1
281,1,4,일부로라도 가...,1
282,1,1,_니_니 _맛탱,2
283,1,1,맛 집이라 그런지 골목에 위치했네요.,2
283,1,2,제주산 흑도 약지는 진짜 꿀맛.,1
284,1,1,동네에서 자자한 중화요리집이다.,1
284,1,2,맛있어서 자주 방문하게 되고 탕수육도 소스가 엄청 달지 않으니 적당하고 삼선짬뽕은 해물이 많이 들어가며 국물은 얼큰하니 맛있다.,1
285,1,1,가격대가 살짝 있지만 근방에서 이만한 수제버거집 찾기 쉽지 않아요,1
285,1,2,처음 가서 패티 맛에 감격했던 기억이...!,1
286,1,1,평일 낮 2시에 방문했는데 웨이팅 없이 먹을 수 있었음,1
287,1,1,종류는 다양하나 비슷비슷함 생선초밥 보다 다른 게 끌릴 때 가는 곳,1
288,1,1,행복했다.,1
288,1,2,고기도 매우 만족스러웠고 추가로 저 감에 미숫가루 보릿가루?,1
288,1,3,묻혀놓은 반찬이 생각보다 너무 맛있어서 한 그릇 추가 부탁드림.,1
288,1,4,행복한 식사였다!,1
289,1,1,감자전 존 만.,1
289,1,2,너무 전문적이고 친절한 서비스는 기대 X 다들 나이 많으신,0
290,1,1,가격 저렴 서울에서 파는 9천 원 만 원치 이상 맛있음,1
290,1,2,튀김가루도 바로 튀겨서 넣어줌 주먹밥은 평범,1
291,1,1,이 집이 아닙니다.,2
291,1,2,그만하세요,2
292,1,1,가게 인테리어 너무 예쁘고 플레이팅도 아기자기하게 예쁜 곳.,1
292,1,2,하지만 음식이 전반적으로 짰어요.,0
292,1,3,술과 함께 파는 음식이라 그러려니 했지만 식사 메뉴도 간이 세서 조금 당황했습니다.,0
293,1,1,이번이 세 번째 방문인데 연휴라 그런지 10시 30분에 갔는데도 대기 30분이었습니다,0
293,1,2,가실 분들은 참고하세요.,2
293,1,3,어머니 모시고 갔는데 우럭조림 정말 좋아하셨습니다.,1
293,1,4,반찬은 늘 정갈하고 맛있네요,1
293,1,5,사람이 너무 많은 거 빼곤  단점 없는 가게입니다,1
294,1,1,메뉴 안심 돈가스 육즙이 가득 찬 고기가 정말 맛있다!,1
294,1,2,긴 웨이팅이 아깝지 않은 맛,1
295,1,1,새로 오픈한 비건 카페 일단 커피가 맛있어서 왔다 갔다 하면서 자주 사 마시러 올 거 같다 바닐라 라테는 안 달고 바닐라 반향이 은은하니 나서 좋다 물어보니 사장님이 시럽을 직접 만드신다고 하신다,1
295,1,2,스콘이랑 쿠키류가 위에 부담스럽지 않아서 맛있게 많이 먹을 수 있다,1
296,1,1,오랜만에 방문했는데 여전히 맛있네요,1
296,1,2,직원분들도 다 친절하고 맛있게 잘 먹었습니다,1
297,1,1,전체적으로 음식이 짜서 많이 못 먹지만 피자 맛 집이에요,1
298,1,1,맥주가 맛있어요,1
299,1,1,찾기가 조금 힘들었지만 고기 자체는 맛있었음.,1
299,1,2,맛에 비해 과한 금액.,0
300,1,1,반찬들이 깔끔하게 나오는 고깃집이에요.,1
300,1,2,점심에만 하는 제육쌈밥정식 먹었는데 맵긴 하지만 정말 맛있었어요!,1
300,1,3,쌈도 신선하고 무엇보다 가격이 착해요.,1
300,1,4,저녁에 고기 먹으러 가고 싶어요.,1
300,1,5,주차가 안된다는 게 젤 큰 단점,0
301,0,1,시간 여행을 간 것 같은 묘한 매력이 느껴지는 맥주집이예요.,1
301,0,2,일단 입구에 들어가면 슈퍼이며 정육점인데.,2
301,0,3,계단을 따라 올라가면 술집인 듯.,2
301,0,4,뭐지..? 싶은.,2
301,0,5,주문은 메뉴판에 적힌 전화로 하거나 1층으로 내려와서 슈퍼에서 파는 각종 안줏거리 과자를 골라 올라가시면 돼요.,2
301,0,6,맥주는 기상천외한 다양한 종류가 포진되어있어서 사장님께 추천해달라고 하면 성심성의껏 추천해주십니다.,1
301,0,7,"맥주에 대한 자부심이 대단하신 듯 보였고, 많은 정보를 알고 계신 듯 맥주 장인다운 면모가 엿보였습니다.",1
301,0,8,치명적인 단점이라고 하면. 맥주에 가격이 쓰여있지 않아서 일일이 물어보지 않으신다면 즐겁게 마시고 나서 계산할 때 계산 폭탄  맞으실 수 있어요.,0
301,0,9,저도 그랬습니다.,2
301,0,10,맥주 네 병을 마셨지만. 어디 가서 적당히 좋은 와인 한 병을 마시고 온 것 같은 경험했네요.,1
301,0,11,아하..,2
301,0,12,난 재미있고 특별한 장소에서 색다른 맥주를 금액 제약 없이 마시고 오겠똬!!!!!,1
301,0,13,하시는 분들은 즐거운 마음으로 다녀오시면 좋을 거 같아요.,2
301,0,14,안주는 시켜보지 않아 딱히 후기를 쓰기는 어렵습니다.,2
301,0,15,맥주 금액을 미리 물어보지 않아 계산할 때 흠칫 놀란 제 마음만 떼놓고 본다면.,2
301,0,16,사장님의 무미건조한 허그만큼 저에게도 건조하고 신선한 경험이었습니다.,1
302,0,1,맛과 서비스에 비해 좀 과대포장된 집이 아닐까 싶습니다.,0
302,0,2,"개인적으로 너무 맛이 없었고, 사장 할아버지와 아들이 카운터에서 언성 높이며 싸우는 바람에 사진 찍을 생각도 못 하고 그냥 나왔었네요. 게 뚜껑이 있는 짬뽕 인증숏을 원하면 가보시는 것도 나쁘지 않을 것 같습니다.",0
302,0,3,"짧은 지식이나, 꽃게는 서해안이 유명한데 굳이 제주에서 꽃게가 들어간 짬뽕이 유명하다는 건 바다로 둘러싸인 섬에 대한 사람들의 해산물에 대한 로망이 잘 조합된 메뉴가 아니지 않을까 하는 개인적인 의견입니다..",0
303,0,1,다른데 가세요..,0
304,0,1,카맵글도 이제 조작하네.,0
304,0,2,아래 별 5개짜리는 다 알 바글입니다.,0
304,0,3,"눌러보면 같은 날에 쓴 별 5개, 폐차장 후기까지 휘갈겨놓음",0
305,0,1,불 족발도 먹고 싶고 일반도 먹고 싶은데 반반이 없어 슬풔요.,0
305,0,2,워낙 유명한 곳이라 기대 많이 했는데 불 족발은 양념이 그저 그랬어요.,0
305,0,3,맛있게 매운 게 아니라 맵지 않고 먹고 나면 속이 매운 느낌. 고기는 살코기가 많아 아쉬웠네요.,0
306,0,1,서교 홍대 지역의 이자카야 로바다야키 왕자였던 정호영 셰프의 카덴이 연희동에 새로 리뉴얼 후 오픈한 연희동 카덴 옛 명성은 오간데 없고 가게 분위기 맛 모두 최악으로 변함,0
306,0,2,지인들 중 이곳 좋아하는 분들 새로 바뀐 후 발걸음 모두 끊으시겠다고  인테리어부터  일식 선술집 분위기는 이제 찾아볼 수 없고 어색한 모던 일식 풍의 삼류 경양식집 분위기도 난다 다찌 없애고 만드신 센터 테이블은 다찌의 정감도 없고 옆 손님들 신경만 쓰인다 요리는 또 왜 이럴...,0
306,0,3,해동 덜 하시고 구우셨나요,0
306,0,4,그렇게 맛있었던 옥돔구이가 덜 구워져 겉도 눅눅...,0
306,0,5,속은 비림 당연히 반도 못 먹고 남김,0
306,0,6,이치에의 고등어 볶음밥에 비견될 수 있는 연희동 카덴의 전복 볶음밥 전복 내장과 msg의 절묘한 조화로 맛과 향이 다 좋아야 하는데 문제는 밥이었어요,0
306,0,7,전복 내장으로 인해 끈적이는 것을 최소화하려고 고슬고슬하게 하다못해 단단한 밥으로 하셨나요?,0
306,0,8,볶음밥의 생명은 알알이 흩어지는 기름 코팅된 겉은 한없이 고슬고슬하고 속은 부드러운 밥인 것을 누룽지처럼 씹을수록 이빨에 끼는 밥은 고슬고슬을 넘어 반숙 쌀이라는 새로운 경험을 하게 해주셨네요,0
306,0,9,주문한 모든 메뉴에 문제가 있었다는 것은 분명 주방에 큰 변화가 있었다는 증거일 듯합니다,0
306,0,10,새로 개장한 부담일 수 있겠지만 잘 정비하셔서 예전 카덴의 위용을 다시 봤으면 하는 작은 바람입니다,0
306,0,11,그렇게 사랑스러운 카덴이 이렇게 변하다니 좋게 변신한 것 만은 아닌 듯 분발해주세요,0
306,0,12,정호영 셰프 님 시간이 좀 지난 뒤에 다시 가봐야겠어요.,0
306,0,13,카덴 파이팅 부탁해요,2
307,0,1,종업원이 너무 불친절해요.,0
307,0,2,4명이 들어갔는데 만두전골은 느닷없이 테이블에 2인분만 된다고 해서 어리둥절했습니다.,0
307,0,3,왜인지 설명도 안 해주고 통보하는 모습과 앞치마와 물수건 부탁 요구는 안 들어줬습니다.,0
308,0,1,갈 때마다 맛이 퇴보함.,0
308,0,2,그동안 여기만 한 데는 없다고 생각했는데 이젠 아닌 듯.,0
308,0,3,화장실은 마음의 준비하고 이용해야 함,0
308,0,4,엄청 작고 냄새나고 비누 없음..,0
309,0,1,1점도 아까운 맛과 서비스.,0
309,0,2,주변 노포들 친절하고 잘해주는 집 많으니까 여기 말고 딴 데 가세요.,0
309,0,3,여기 줄 서있는 것만큼 바보 같은 게 없음.,0
310,0,1,커피만 시키면 1시간 제한이라는데 금액으로 나뉘는 거도 아니고  커피를 여러 잔을 시켰는데 빵 안 시켰다고 제한이라니  입장부터 줄 서서 30분은 기다렸구먼 빵 사려면 다시 줄 서란다 참나  입구부터 주의사항을 써놓던지 ...,0
310,0,2,강가 쪽은 자리 잘 안 나고..,0
310,0,3,오후 늦게 가세요,2
310,0,4,6시 이후 그땐 사람 좀 빠짐,2
310,0,5,직원들 불친절,0
311,0,1,"묻지도 따지지도 않고 여자 남자 양 차별하는데... 음식 나오자마자 일단 기분 상하고, 아무리 맛있어도 절대 다시 안 온다 했는데 다행히 다시 찾아올 맛도 아니네요.",0
311,0,2,곱빼기 메뉴까지 있어서 더 기분 나쁘고요?,0
311,0,3,그럼 여자는 양 적게 줄 거면 가격도 싸게 받으셔야죠?,0
312,0,1,"강릉 안목 해변 카페거리가 유명하대서, 그 카페거리에서 꽤 유명한 카페라고 해서 엘빈에 왔는데 생각보다 별로였어요.",0
312,0,2,그냥 도심가에서 쉽게 볼법한 타르트 케이크 파는 카페였어요.,0
312,0,3,치즈케이크는 치즈가 다 푸슬푸슬 다 부서지고요,0
312,0,4,약간 찐득한 치즈케이크라고 하기보단 치즈빵에 가까웠네요.,0
312,0,5,치즈빵이 되어가는 치즈케이크?,0
312,0,6,블루베리 케이크는 그냥 생긴 고대로의 맛.,0
312,0,7,그 이상도 그 이하도 아니었어요.,0
312,0,8,딸기 생크림 케이크도 마찬가지!!,2
312,0,9,커피도 보통이었고요.,0
312,0,10,그냥 넘나 평범한 커피....,0
312,0,11,그런데 왜 이렇게 사람이 많은 건지.,0
313,0,1,친구가 구운 인절미가 맛있다고 해서 따라갔는데 맛있긴 했지만 존 만!! 이런 건 아니었다,0
313,0,2,공갈빵 느낌이 있고 쫀득쫀득해서 먹기는 좀 불편했지만 주신 소스에 찍어 먹으면 맛있다 모과 차랑 매실 아이스 시켜 먹었는데 모과 차도 평범했고 매실도 그냥 매실 맛이었다 엄마가 담근 매실차가 더 맛있음..,0
313,0,3,음료 가격이 68천 원대여서 싼 것도 아닌데 망고 플레이트 4.4라니 놀라울 따름 그래도 인사동에 갔다면 한 번쯤 갈 만한 것 같다,1
314,0,1,상당히 불친절합니다.,0
314,0,2,직원이 말을 조리 있게 못 해서 뭐라 하는지 알 수도 없네요.,0
314,0,3,음식 맛은 평범합니다,0
315,0,1,정말 맛도 없고 불친절.,0
315,0,2,일부러 시간 내서 기대하고 찾아갔는데 시간 낭비 돈 낭비.,0
316,0,1,맛이 너무 없었어요...,0
316,0,2,부모님 모시고 갔는데 게장 같은 거 환장하시는 분인데 죄송해서 몸 둘 바를 모름..,0
317,0,1,이 리뷰 안달 아도 곧 망할 집 같지만 굳이 남기고 가는 이유는 그만큼 별로이기 때문이다,0
318,0,1,흠.....,0
318,0,2,기대했는데...,0
318,0,3,하......,0
318,0,4,짜장면까지 맛이 없......,0
319,0,1,오믈렛보다 샐러드 양이 많고 프렌치토스트보다 샐러드 양이 많고..,0
319,0,2,에그 베네딕트도 한 입 거리 두 개..,0
319,0,3,전체적으로 메인 음식이 적음.,0
319,0,4,비추천,0
320,0,1,흠 역시 인스타는 믿을게 못 되는 듯 솔티 바닐라,0
320,0,2,"다쿠 아츠를 먹었는데, 소금이 단맛을 강화시키는 역할을 하는 게 아니라 소금맛이 두드러진다 부분부분 리얼 소금맛이 나서 당황",0
320,0,3,"대리석 테이블, 금색 식기 등 요즘 유행하는 요소는 다 가져다 놓은 듯한데 뭔가 어설프다",0
320,0,4,그리고 아무리 요즘 빵 값이 비싸다지만 손바닥만 한 식빵 하나에 5천 원은 과한 느낌..? 근처에서 밥 먹은 김에 겸사겸사 간 거였는데 일부러 찾아간 거였음,0
320,0,5,같이 간 남자친구한테 미안할뻔했다,0
321,0,1,군산 대표 떡볶이 맛 집처럼 홍보가 되어있는데 개인적으로 너무 달아서 입맛에는 안 맞습니다.,0
321,0,2,어묵 국물은 사골로 한 건지 맛있었고 당면도 괜찮네요.,1
321,0,3,오픈 직후에 방문해서 줄 안 서고 다행히 줄 안 서고 먹어 괜찮았지,0
321,0,4,다른 사람들처럼 30분 이상 줄 서고 먹었으면 더욱 실망했을 것 같습니다.,0
322,0,1,뛰어나다고 할 수 없지만 그래도 맛있는 냉면.,1
322,0,2,하지만 구성비가 좋지 않음,0
323,0,1,재료도 정성도 맛도 별로인데 왜 사람 많고 평점 높은지 모르겠다..,0
323,0,2,울퉁불퉁한 면발에 어르신들의 향수를 자극하는 뭔가가 있는 걸까?,2
323,0,3,김치는 맛있는데 국물이 짜서 많이 먹을 수 없다.,0
323,0,4,다진 양념 많이 넣으면 속 쓰리니 조심하시길,0
324,0,1,그냥 너무 더러워요,0
324,0,2,앉는 의자가 녹슬어서 흰옷 입고는 못 가요,0
325,0,1,직원인지 알바인지 카운터 남자 너무 불친절함 장사 잘 되는 게 버거워 보였음,0
326,0,1,평점 조정이 필요함 실 별점 3,0
327,0,1,"이쁜 건 인정, 테일러 원두라는데 그냥 그렇고 베이커리는 에그타르트랑 쿠키 먹어봤는데 먹다 남겼어요.",0
327,0,2,인테리어에 비해 퀄리티가 많이 아쉽네요,0
328,0,1,유명세에 비해 별로.. 싸서 인기가 많은 건가..?,0
328,0,2,그런 거라면 돈 조금 더 내고 다른 데서 먹을래...,0
329,0,1,음식은 맛있고 정갈합니다!,1
329,0,2,직원분들은 팁에도 가 있는지 돈을 따로 드리는 고객분들께는 구워드리고 그렇지 않은 경우엔 직접 구워야 해서 의아했습니다,0
329,0,3,가게에서 확실히 해야 할듯해요,2
329,0,4,서비스가 친절한지는 잘 모르겠어요 .. !,0
329,0,5,바쁠 때였는지 주문도 세 번이나 해서 겨우 가능했어요,0
329,0,6,정갈한 음식만 먹으면 상관없다!,2
329,0,7,하시는 분들은 오면 좋을 것 같아요,2
330,0,1,딱 전형적인 인스타그램 홍보 집이에요,0
330,0,2,절대 맛 집이라 할 수 없고 서비스로 나온 라면이 제일 맛있었네요,0
330,0,3,돈 아까워 혼났어요,0
330,0,4,너무 맛없었어요,0
331,0,1,유명한 은행골 명성답게 맛있어요.,1
331,0,2,다른 지점보다 밥 양이 많은 것 빼면요.,0
331,0,3,하지만 무엇보다 서비스가 너무 별로여서 다시는 방문하고 싶지 않아요,0
331,0,4,"주문이 많아 배달이 되지 않는다고 해서 방문해보니 사람은 텅텅 비어 있고, 매장에서 먹는 건 가능하고 방문 포장은 안된다고 하시는 건 무슨 논리인지 모르겠네요.",0
331,0,5,죄송하다는 사과와 함께 포장도 해주셨지만 전화할 때부터 사과하실 때까지의 퉁명스러움은 적반하장으로 밖에 느껴지지 않네요.,0
331,0,6,용산점은 오픈한지 오래되지 않은 걸로 알고 있는데 동네 장사에서 롱런하시려면 맛뿐만 아니라 대고객 서비스의 친절함과 전문성이 있어야 할 것 같아요.,0
332,0,1,진짜 뭐가 맛있다는 건지 모르겠음..,0
332,0,2,국물도 연하고 면도 좀 불어있고 가격은 비싸고 대신 종업원이 친절하고 양이 많아서 별 2점 드립니다,0
332,0,3,맛은 그저 그래요,0
332,0,4,동네 쌀국숫집이 더 맛있어요,0
333,0,1,"국물은 먹을만한데 면이 공장 봉지 면인지 쓰레기임, 면 최악",0
334,0,1,갓 뎀??,2
335,0,1,일단 너무 비싸다 관광 온 사람들 대상으로 해서인지 가격을 높게 측정해놨다.,0
335,0,2,닭갈비 맛은 닭이니 맛있고 양은 그럭저럭 막국수도 맛있고 양이 많다.,1
335,0,3,하지만 거기서 끝 이보다 맛있는 닭갈비는 많이 먹어 봤다.,0
335,0,4,반찬도 셀프로 리필 히니야 하고 구워주는 서비스는 없다.,0
335,0,5,닭갈비 이 인분에 막국수 일 인분 먹는데 삼만 사천 원 퐁듀 포함 시 삼 원 팔천 원이 나온다.,0
335,0,6,이만 원에서 이만 오천 원 정도는 적당할 거 같다 재방문?,0
335,0,7,다신 안 간다,0
336,0,1,주전자에 있는 물 뚜껑 열었더니 휴지가 떠다님..,0
336,0,2,안 열어봤으면 누가 버린 휴지로 우린 물 마실 뻔 직원한테 이거 뭐냐니까 미안하단 말도 없이 가져가고 그냥 다른 물 갖다 줌,0
336,0,3,혹시나 가면 뚜껑 꼭 열어보세요,0
337,0,1,한국 사람 한 명 있는데 그 여자 4가지 더럽게 없음,0
337,0,2,2시간 기다리다가 잠깐 번호 놓쳤다고 번호표 다시 뽑으라고 함,0
337,0,3,맛 집이라고 배 째라는 식민지 뭔지 사장님 직원 교육 잘 시키시길,0
338,0,1,쫄면의 원조라고 알려진 신포 우리 만두 본점.,2
338,0,2,딱히 본점이라고 더 맛있지는 않음.,0
338,0,3,어떻게 이런 맛과 노하우로 프랜차이즈에 성공했는지 놀라울 정도.,0
338,0,4,김밥천국 그 이상 그 이하도 아닌 평범한 분식류 식당,0
339,0,1,별 1개 주기도 싫었다...,0
339,0,2,어제저녁 짬뽕 먹고 오늘 바로 노로바이러스 식중독 판정받았습니다.,0
339,0,3,"맛있게 먹고 아픈 거면 그래도 맛은 있다고 커버 칠 텐데, 진심으로 이상하게 맵기만 하고 구수하고 진한 맛은 전혀 느껴볼 수 없었습니다.",0
339,0,4,말하자면 요즘 골목식당에 나오는 대표적인 실패 사례라고 할 수 있습니다.,0
339,0,5,손님이 몰리면서 맛을 잃어가는...,0
339,0,6,1년 전 방문하셨던 어머...,2
340,0,1,맛은 깔끔한데 맛있는 맛은 아님.,0
340,0,2,서비스 엉망.  카운터는 불친절하고 서빙은 실수투성이.,0
341,0,1,솔직히... 물 닭갈비는 태백 쪽이 맛 집이 많다,0
342,0,1,가격 대비 별로...,0
343,0,1,전체적으로 반찬도 다 맛있는 편인데 너무 불친절해요...,0
343,0,2,후기에 다들 불친절하다고 해서 맛만 있으면 됐지 생각하고 갔는데 밥맛까지 떨어지는 서비스에요 밥은 맛있게 먹었습니다,0
343,0,3,누룽지를 좋아하는데 누룽지는 없고 흰쌀밥에 뜨거운 정수기물 받아먹는 느낌이라 아쉬웠지만 반찬은 전체적으로 잘 먹었어요,0
343,0,4,하지만 불친절에 다신 안 올 거 같아요,0
344,0,1,소고기 해장국 포장해와서 바로 끓였는데....,2
344,0,2,뜨아...,2
344,0,3,식초를 뿌린 듯 시큰...,0
344,0,4,상한 음식을 팔았으면서도 미안한 기색도 없고....,0
344,0,5,어이없어서 결국 환불....,0
344,0,6,집 근처도 아니어서 차 기름값에 시간 낭비...,0
344,0,7,식구 먹이려고 사 갔다가 결국 그 앞에 있는 소사 골 순댓국에서 다시 포장....,0
344,0,8,도대체 주인은 음식 확인도 안 하고 파는 가게...,0
344,0,9,먹고 식중독 걸렸으면 개고...,0
345,0,1,맛 집이라고  해서 왔는데 진짜 실망입니다,0
345,0,2,배가 너무 고파서 왔는데도    돈이 너무 아깝습니다,0
345,0,3,백숙은 드시지 마셔요,0
346,0,1,짜장 3 짬뽕 1 찹쌀탕수육 1 시키고 처음엔 탕수육 늦게 나온다고 식사 먼저 드릴게요 했는데 탕수육 바로 나오고 오 분 뒤 짬뽕 누가 봐도 다 식어빠진 짬 처리한 것처럼 나오더라고요,0
346,0,2,진짜 황당...,0
346,0,3,김도 안 나고 면도 개 차가워서 직원한테 원래 짬뽕 이렇게 차게 나와요?,0
346,0,4,하니까 짜증 내면서 바꿔줄게요,0
346,0,5,하고 가져감,2
346,0,6,짜장 3개는 결국 20분 뒤 나옴 진짜 개별로 계산할 때 카운터분한테 혹시 사...,0
347,0,1,너무 비싸고 맛은 호우 양 꼬치 프랜차이즈보다 떨어져요,0
348,0,1,고기도 별로였고 서비스도 별로였어요.,0
348,0,2,양도 적어요,0
348,0,3,왜 인기 많은지 모르겠는 곳 중 하나에요.,0
348,0,4,바닥에 앉아 낮은 돌에 구워 먹으면서 돌판 이외에 그릇 둘 공간도 없어서 데이진 않을까 그릇은 타지 않을까 두려움에 떨며? 먹어야 해요.,0
348,0,5,다리 둘 곳도 불편하고 잘못하면 옷이 탈 수 있어요.,0
348,0,6,사이드 메뉴로 먹은 전병에 치즈 넣은 만두 같은 거는 정말 못 먹을 정도로 맛없었어요,0
349,0,1,맛 대비 너무 비싸요.,0
349,0,2,사진과 완전히 다르고.,0
349,0,3,돈이 아까워서  댓글 보고 믿고 갔는데 댓글들 다 가짜 같아요,0
350,0,1,닭강정 주문하고 40분 대기 후 받았는데 기대를 너무 했는지 그저 그랬다.,0
350,0,2,만석닭강정이 그리워져버렸고...,0
351,0,1,인스타 핫 플라 정신없음,0
351,0,2,팡도르 유명하다고 했는데 잘 모르겠음..,0
352,0,1,음....,0
352,0,2,왜 유명한 걸까요?,0
352,0,3,계속 생각나는 맛이라는데 정말 잘 모르겠어요.,0
352,0,4,왠지 모르겠지만 저한텐 돈가스 김밥이랑 맛이 거의 비슷하게 느껴졌어요.,2
352,0,5,제주 와서 제일 의아한 음식이 오는 중 김밥 같아요.,0
353,0,1,의정부 사람인데 부대찌개 막국수 진짜.... 맛없어요.,0
353,0,2,곱창전골은 그냥 먹을만한 수준..,0
353,0,3,주방장이,2
353,0,4,바뀐 건가 싶네요.,2
353,0,5,부대찌개 소시지는 진짜 싸구려 맛...,0
353,0,6,체인점 박가 부대찌개만도 못하네요.,0
353,0,7,의정부 부대찌개는 차라리 경원 식당가세요.,0
353,0,8,최근 평가 확인하고 갔어야 했는데...,0
354,0,1,짬뽕과 탕수육을 결제하고 자판기 커피를 뽑으려는데 100원짜리 동전이 없어 핸드폰에 카드만 가지고 나옴 동전 줄 수 있냐고 물었더니 안된다고..,2
354,0,2,자판기엔 동전은 이웃을 위해 잘 쓰겠습니다,2
354,0,3,과연 이웃을 위해 쓰일까??,2
354,0,4,의심이 들었다는..,2
354,0,5,커피 드실 분 동전 지참하세요!!!,2
355,0,1,앗..,2
355,0,2,나의 미스테이크..,2
355,0,3,국밥 사진을 안 찍었다..,2
355,0,4,아쉬운 대로 밑반찬이라도....,2
355,0,5,마플에서 강남역 검색하면 온갖 나라 음식 다 제치고 1위라길래,2
355,0,6,궁금해서 가봤다.,2
355,0,7,얼마나 감동적인 맛이길래?,2
355,0,8,"그러나 결과는... 88 일단 내가 생각했던 맛은 한 숟갈 먹으면 입안에 맛이 쪼아 퍼지는 그런 시원하고 속 풀리는 맛이었는데, 여기 국밥은 들깨가루가 들어가서 그런가 한 숟갈 넣으면 넣은 곳만 맛이 났다.",0
355,0,9,"뜨뜻하게 몸 풀리는 것 같은 그런 느낌이 아니라, 음...",0
355,0,10,뭐라고 표현해야 할까...,2
355,0,11,일단 좀 더 밀도가 높고 안 먹어봤지만 추어탕을 먹으면 이럴 것 같은 느낌? 약간 텁텁하기도 하고..,0
355,0,12,"그건 들깨가루 때문에 어쩔 수 없다고 해도 일단 4.7점을 받을 만한 깊은, 감동적인 맛도 아니어서 나는 별로였다.",0
355,0,13,아무래도 내가 그냥 맑은 창평 국밥 같은 스타일을 좋아하는 건지는 모르겠다.,2
355,0,14,일단 밀도가 있다 보니 되게 배부르긴 하다.,1
355,0,15,67시쯤 가면 웨이팅은 기본이라고 생각해야 할 것 같다.,0
355,0,16,평일이라 회사원들이 순대에 소주 마시러 많이 오기 때문에 자리도 야아 약간은 늦게 빠지는 느낌이다.,0
355,0,17,그래도 1020분가량 기다리면 자리가 난다.,1
355,0,18,이 집의 가장 큰 장점은 주인아저씨가 착하시다는 것이다.,1
355,0,19,서울 사람들이 맛있다는 국밥집은 맛있는지 잘 모르겠다!,0
355,0,20,하는 사람은 안 가는 게 나을 것 같다.,0
356,0,1,친절하지도. 맛있지도. 않고 이 정도 맛은 특징도 없는 흔한 식당에 불과함,0
357,0,1,별 한 개도 아깝습니다.,0
357,0,2,"웬만해선 리뷰 안 쓰는데, 프렌치토스트가 들어있는 유러피안 정식과 브라질리언 정식 먹었는데, 제가 먹어본 것 중에서 정말 최악으로 이 우주에서 제일 맛없었습니다.",0
357,0,3,"웬만해선 음식 남기지도 않고 다 먹는데, 음식도 남기고 진짜 구역질 날 정도로 맛이 없었습니다.",0
357,0,4,정말 최악이었습니다.,0
357,0,5,3만 9천 원에 이 음식을 판다고요?,0
357,0,6,"3,900 원...",0
358,0,1,맛 집이라고 해서 기대했는데 별로예요..,0
358,0,2,꼬막 특성상 껍질이 씹힐 수 있다는 글에... 다른 곳에서 한 번도 그런 적이 없어 의아했음.,0
358,0,3,그런데 한 그릇 먹는데 껍질이 몇 번 나왔는지...,0
358,0,4,진짜 입맛 떨어져서 남겼네요.,0
358,0,5,이건 꼬막 특성 문제가 아닌 듯..,0
359,0,1,사이다가 제일 맛있음,1
359,0,2,나머지 진짜 별로 그나마 연어 뱃살이 먹을만함,0
360,0,1,정말 좋아하는 라멘 덮밥집이었는데 이제 안 가요,0
360,0,2,맛 양 둘 다 너무 변했어요,0
360,0,3,맛 집이 하나 사라져서 너무 마음이 아프네요,0
361,0,1,진짜 열받는 건 주차 서비스!,0
361,0,2,아니 발레도 안 하는데 왜 발레비를 내야 합니까?,0
362,0,1,보리강정과 슬러시를 가져다 먹을 수 있고 약간의 추가요금을 내면 씬 피자도 먹을 수 있다.,1
363,0,1,인터넷 후기 좋아서 찾아갔는데.,2
363,0,2,음식이 깔끔하게 나와서 기대했지만. 맛은 그냥 그래요,0
363,0,3,꼬막은 낚시하는 수준으로 야채 속에서 건져야 하고.,0
363,0,4,메인은 부실하고 반찬만 화려하게 나오네요.,0
363,0,5,좀 실망 재방문 의사 없어요.,0
364,0,1,디너로 방문.,2
364,0,2,전화로 예약문의했을 때부터 응대가 전문적이지 않았고 건성건성 말하는 태도가 느낌이 좋지 않았으나 평이 워낙 좋아서 궁금했기에 방문.,0
364,0,3,예약한 시간 정각에만 입장 가능해서 5분 전에 들어갔다가 밖에서 대기함.,2
364,0,4,대기장소가 따로 없기에 연인끼리 방문하는 경우 추운 밖에서 기다리는 것보다는 차라리 5분 정도 늦게 오는 게 나을 수 있겠음.,2
364,0,5,코로나 시국에 옆 사람과의 자리 간격이 너무 좁고 칸막이 같은 것도 설치되어 있지 않았음.,2
364,0,6,못 먹는 생선이 있어 말했으나 구성을 바꾸지 않고 그대로 줌.,0
364,0,7,까먹은 건지 대,2
364,0,8,체할 메뉴가 없어서 그냥 준 건지는 모르겠음.,2
364,0,9,구성은 알차고 맛도 좋으나 담당 셰프가 접객을 도맡아 하는 게 아니라 준비는 셰프 둘이서 나눠서 모든 인원 것을 같이 하고 나눠주는 것만 따로 주는 거라 응대가 많이 부족하다고 느낌.,0
364,0,10,개인적으로 오마카세는 접객이 중요하다고 생각해서 이 가격이면 구성이 좀 더 단조롭더라도 다른 그 시야를 갈 듯함.,0
364,0,11,맛이나 구성을 중요시하는 분들은 만족할지도 모르겠네요.,1
365,0,1,우웩우웩 맛없어,0
366,0,1,휴무 와이라 노...,2
367,0,1,커피 맛 별로 서비스 별로 사람 그 글 최악,0
368,0,1,여행객들 방문 비추  호롱 평범. 꼬치 하나당 10000 젤 적은 거 30000원  연포탕 평범.,0
368,0,2,3국자 푸면 없음,0
368,0,3,1인분 18000원 공깃밥은 1인분에 1공기라 추가로 시켜야 함.,0
368,0,4,1000원  낙지탕탕이 평범.,0
368,0,5,횟집에서 파는 그냥 산낙지 1인 15000원  테이블 끈적끈적함 홀에 파리 새끼들 신명 나게 날아다님  용산  목포 ktx 편도 49000원  밥 한 끼 6...,0
369,0,1,고객 응대 직원 불친절,0
370,0,1,"웨딩홀 식당 느낌이에요 인테리어는 괜찮은 편 메인 음식, 반찬 맛이 다채롭다기보단 대부분 단편 사람이 너무 많음",0
371,0,1,정말 최악!!!!!,0
371,0,2,절대 안감!!!!!!!!!!!!,0
372,0,1,불친절 짜증 나다,0
373,0,1,비싸고 맛도 영,0
374,0,1,서울 사람들은 절대 가지 마세요,0
374,0,2,양념은 돼지갈비 양념 맛이라 돈 아깝습니다 차라리 서울 돼지갈비 맛집 가는 게 더 저렴하게 맛있게 먹을 수 있습니다!!,0
374,0,3,경주 오셔서 정 갈 때가 없고 메뉴 고르기 힘드셔서 가신다면 소금구이만 드세요,0
374,0,4,육회는 냉동이에요..,0
374,0,5,뷔페 육회 맛,2
375,0,1,아주 맛없진 않지만 4.6은 너무 과대평가되었다는 생각에 별로. 평점이 높아서 부푼 기대를 안고 갔는데 손도 안 댄 차 사이 무침에 머리카락이 나와서 일단 기대가 사라졌어요..,0
375,0,2,"이곳의 대표 메뉴인 하이든, 하이 창 교자와 자오즈 마라탕 면을 주문했는데 음식은 빠르고 또 한꺼번에 나와서 좋았어요.",1
375,0,3,"만두를 물만두, 군만두, 찐만두로 고를 수 있는 것도 좋은 것 같아요!",1
375,0,4,저희는 둘 다 물만두로 주문했는데 이게 잘못된 선택이었는지 하이 단교자의 성게알 향이 거의 나지 않아 아쉬웠어요,0
375,0,5,그렇지만 비리지도 않아요.,1
375,0,6,친구가 먹은 하이 창 교자도 개불 맛이 거의 안 났다고 합니다.,0
375,0,7,"자오즈 마라탕 면은 국물은 참 맛있었는데 면이 별로였고, 청경채는 손질도 안 해주셔서 먹지도 못했어요.",0
375,0,8,서울에 맛난 교자 집이 얼마나 많은데...!!!,2
375,0,9,재방문 의사는 없는 곳!,0
376,0,1,항상 라이딩할 때 구경만 하면서 지나가면서 궁금한 곳이었는데 날 잡고 일부러 찾아가 본 곳.,2
376,0,2,이 날은 자전거 말고 차 타고 간 날이라서 여유롭게 먹고 왔다.,2
376,0,3,라이딩 동호회 사람들이 굉장히 많이 보인다.,2
376,0,4,초계국수 자체를 먹어본 적이 없어서 막연하게..,2
376,0,5,따뜻한 국수라고 생각하고 들어감.,2
376,0,6,근데 기본이 시원한 거였음!,2
376,0,7,일단은 시원한 비빔 초계국수랑 초계국수 온면...,2
377,0,1,불친절한 수준이 아니라 거의 조폭인 줄 알았어요.,0
377,0,2,분할결제 해달라고 했더니 말도 안 되는 이유로 거절하더니 나중엔 한대 칠 기세로 노려보네요.,0
377,0,3,기분 나쁘고 무서워서 엽떡 자체를 다신 못 먹으러 갈듯  절대 가지 마세요!,0
378,0,1,빵이 오래됐는지 질기고 별로네요.,0
379,0,1,웨이팅 관리를 이상하게 하시네요,0
379,0,2,전 1인 손님이고 안에 1인 자리가 비어있는데 제 앞에 먼저 온 웨이팅 팀이 있다는 이유로 안 기다려도 되는 20분을 밖에 세워두셨어요,0
379,0,3,제가 대체 왜 그분들이랑 같이 들어갔어야 했는지 모르겠네요,0
379,0,4,당연히 주문도 앞 팀이랑 동시에 들어가서 음식 나오는 데에 어마어마하게 오래 걸렸고요 주문한지 40분 만에 받았습니다,0
379,0,5,도합 1시간을 기다렸는데 서둘러야겠다는 생각도 안 드시는지 튀김 얹으시는 분은 옆 사람이랑 대화하면서 느릿느릿 얹으시더라고요,0
379,0,6,지켜보는 저만 속이 터졌어요,0
379,0,7,당연히 웨이팅 1시간짜리 맛도 아니고요 가게 운영이 최악이라 맛에 대한 평가가 의미 없는 거 같네요,0
380,0,1,왜 유명한지 도통 모르게요,0
380,0,2,별 한 개도 아까움,0
380,0,3,"이게 왜!, 왜 사 먹어요??",0
380,0,4,"18,000원이나 주고 왜 사드심????",0
380,0,5,오늘 본 줄은 죄다 아르바이트생인가?,0
380,0,6,다른 본점은 모르겠으나 본점에서 샀는데 양도 그렇고 막바지라 그런지 소스에서 신맛이 나요,0
380,0,7,케첩 맛인 수도 있긴 한데 ..,2
380,0,8,그건 아닌 듯   와,0
380,0,9,진짜 이딴 걸 사 먹는 사람들 도통 이해 안 갑니다,0
381,0,1,거품..,0
381,0,2,너무 싱거움,0
382,0,1,무슨 맛인지 모르겠음.,0
382,0,2,알루미늄 포일에 8000원짜리 메뉴 주문하면 눈치를 주는 곳,0
383,0,1,약 5년 전과 비교하면..,2
383,0,2,정말 회의 질이 떨어졌어요,0
383,0,3,연어 회 먹고플 때 항상 갔던 곳인데 최근엔 뱉고 나왔네요,0
383,0,4,개인적으로 너무 아쉬운 곳,0
384,0,1,8월 말에 갔는데 최악.,0
384,0,2,아르바이트생들도 별로고,0
384,0,3,자리고 별채 다 비어있는 거 확인했는데 자리 없다고 이상한 자리 주고 밥 먹는데 매미가 더덕구이에 떨어짐.,0
384,0,4,음식도 맛없음.,0
384,0,5,다 식고 만든지 오래된 거 데워준 느낌.,0
385,0,1,굳이 찾아갈 이유 없습니다.,0
385,0,2,정말 공장식입니다.,0
385,0,3,음식 손님이 아니라 공장 견학 간 줄 알았어요.,0
385,0,4,칼국수는 다 불어서 나오고...,0
385,0,5,"조미료 맛에... 사진은 그럴싸하나, 전주까지 찾아가서 먹을 맛 집은 전혀 아닙니다.",0
385,0,6,과거에는 맛이 어땠으려는지 모르겠지만..,2
386,0,1,스키야키 먹고 마지막으로 볶음밥 볶아먹었습니다!,2
386,0,2,"갈수록 음식이 짜져서,,, 음,,,, 저는 솔직히 그렇게 맛있지는 않았어요",0
386,0,3,"볶음밥도 나쁘진 않았는데, 옆 테이블 일행이 먹은 가락국수는 별로였다고 하더라고요",0
386,0,4,재방문 의사는 없습니다,0
387,0,1,비싼 돈 주고 커피 사 먹으면서 직원 싸가지 보고 싶으면 방문하길 추천     본인이 주문 실수해놓고 오히려 짜증 내더군요,0
387,0,2,직원 불친절해서 재방문의 사 없네요.,0
387,0,3,이름 따라간다고 직원들 교육할 생각 없을 정도로 게으른 건지 다 문제 있어 보이고 커피 맛도 별로이에요!,0
388,0,1,안타깝네요...,0
388,0,2,예전에 명성에 먹칠하는 느낌...  짬뽕이랑 볶음밥을 시켜서 먹었는데..,0
388,0,3,면은 미리 삶아서 준비한 거 같고요 볶음밥도 미리 준비해 놓은 거 같네요..,0
388,0,4,식은 볶음밥과.. 면과 따로 노는 짬뽕..,0
388,0,5,차라리 대구 수봉 반점 보다 못 한 맛이 내요..,0
388,0,6,예전에는 어르신께서 미리 끄려 놓은 국물에 면을 넣어 조리 후 내어 주시는 것과 비해..,0
388,0,7,미리 삶...,2
389,0,1,커피 맛 너무 별로.  모기 벌레 천국..,0
389,0,2,불친절.,0
390,0,1,우리나라 다른 동남아 스타일 음식점처럼 가격이 싼 편은 아니지만 IFC에 있는 다른 식당들 평균대비는 저렴해서 가격적 부담이 적다.,1
390,0,2,적당히 동남아 느낌이 나는 로칼리이즈된 퓨전요리이다.,2
390,0,3,음식 맛이 나쁜 건 아니나 그렇다고 엄청나게 맛있는 편도 아니다.,0
390,0,4,부담 없이 식사 해결에 좋다.,1
391,0,1,놈 맛.,0
391,0,2,크림이 느끼해요,0
391,0,3,빵은 맛있긴 한데 케이크는 크림이 맛있어야...,0
391,0,4,왜 유명한지. 놀이해,0
392,0,1,짬뽕 짜장 겁나 짜고 해물은 홍합 오징어 끝 모가 괜찮다는 건지 절대 맛 집 아님 짬뽕은 영종도 열라 짬뽕 강추요,0
393,0,1,맛없어 물회 맛없기도 힘들다,0
394,0,1,메밀 함량도 낮고 맛없어요,0
394,0,2,카운터 안경 쓴 남자  불친절의 극치임요,0
395,0,1,포장 주문했는데 양념장을 안 담아줘서 물회를 다 비벼놓은 채로 안에 양념장이 깔려있는 줄 알았음,0
395,0,2,왕복 40분 걸려서 다시 받아옴,2
395,0,3,실수한 아주머니들은 미안한 기색 없이  노란 양념장통 없었냐고 되려 여러 번 물어봐서 가게 측에선 제대로 챙겼는데 내가 실수로 어딘가에 떨구고 왔다는 소리로 들려서 황당하고 짜증이 났음,0
395,0,4,물회는 양도 많고 맛은 있음,1
396,0,1,유명한 가게 메뉴 플레이팅만 베낀 느낌…,0
396,0,2,맛은 그다지... 다신 안 갈 듯...,0
397,0,1,3월 친구들과 함께 방문  특 사이즈를 먹었습니다.,2
397,0,2,솔직히 맛있는 건 아니더군요,0
397,0,3,그냥 처음 먹어보는 맛.,2
397,0,4,처음 먹어보는 새로운 맛 그 이상도 그 이하도 아닙니다.,0
397,0,5,고기가 퍽퍽한 편이기에 얇게 제공되는 것 같으며  같이 나오는 양념장은 국밥과 어울리지 않았습니다.,0
397,0,6,그렇다고 돼지 냄새를 다잡은 것도 아니더군요.,0
397,0,7,요즘은 외국인들이 더 많이 방문하는듯싶더군요,2
397,0,8,제가 ...,2
398,0,1,시그니처 보고 시킨 건데 최악이네요.,0
398,0,2,갔다가 기분만 잡침,0
399,0,1,서울로 넘어가기 전이 양도 많고 맛도 있었다,2
400,0,1,여기 주민이라 자주 갔는데 팥빙수 포장해서 가져왔는데 코털 나와서 다시 가져가고 환불받았어요,0
400,0,2,엄마랑 열어본 거라 엄마가 역겹다고 후딱 치워버려서 사진은 못 찍었지만 저희는 이제 다시 안 가요,0